test,passed,details,seconds
pre-match source time contract,True,all source finishes precede target kickoff,0.0057092299998657
target-result perturbation,True,target 3754058 unchanged,0.6096874869999738
future-result perturbation,True,future 3754159 did not alter earlier 3754178,0.7198204429998896
historical positive control,True,allowed old history match -15376 changes later target 3754097 (positive control),0.6519577520000439
source-role separation,True,pre-target Football-Data history and StatsBomb target rows are isolated,0.0024289789998874
forbidden historical fields,True,canonical P1 history carries no odds/shots/cards/corners fields,8.461499987788557e-05
season-boundary continuity,True,team -21 carries history 2009/2010->2010/2011,0.0075025819999154
gap continuity,True,team -21 retains same-league history across gap 2003/2004->2009/2010,0.0077473080000345
minimum-six rule,True,>=6 prior total matches per team,0.0006200620000527
selected-n isolation,True,selected n=28 unchanged after non-train label mutation,0.5992243529999541
league-rank temporal safety,True,future target mutation leaves earlier ranks unchanged,0.5986191150000195
current-season rank population,True,rank population=20 target-season clubs; combined history has 41 clubs,0.0014708480000535
feature-count contracts,True,exact 6/18 paper feature contracts,3.456099989307404e-05
