snapshot_rank,Feature,SHAP value
0.0,current_goal_difference,-0.0783350178533539
5.0,current_goal_difference,-0.06721246511150006
10.0,current_goal_difference,-0.07634276254074848
15.0,current_goal_difference,-0.10231840265703121
20.0,current_goal_difference,0.18770688173864775
25.0,current_goal_difference,0.165616330875711
30.0,current_goal_difference,0.17830394750529388
35.0,current_goal_difference,0.18885140488765365
40.0,current_goal_difference,0.22603959687502803
45.0,current_goal_difference,0.22920786117925096
45.5,current_goal_difference,0.22357883078492685
50.0,current_goal_difference,0.21813225156492969
55.0,current_goal_difference,0.19983901616770125
60.0,current_goal_difference,0.22684904483062954
65.0,current_goal_difference,0.23954657917321845
70.0,current_goal_difference,0.22525339857887888
75.0,current_goal_difference,0.2653398313723596
80.0,current_goal_difference,0.25729153508477254
85.0,current_goal_difference,0.2410210701850512
90.0,current_goal_difference,0.2358381453409816
90.5,current_goal_difference,0.23754713331602728
0.0,away_goal_difference_l10,-0.07618248365467822
5.0,away_goal_difference_l10,-0.11863049525599909
10.0,away_goal_difference_l10,-0.11926608562196392
15.0,away_goal_difference_l10,-0.10661668281520512
20.0,away_goal_difference_l10,-0.11038915297960589
25.0,away_goal_difference_l10,-0.07573879265711314
30.0,away_goal_difference_l10,-0.07918691670264505
35.0,away_goal_difference_l10,-0.10690178031983877
40.0,away_goal_difference_l10,-0.06433543151838883
45.0,away_goal_difference_l10,-0.07973719708950933
45.5,away_goal_difference_l10,-0.07061552202642957
50.0,away_goal_difference_l10,-0.07999544966807198
55.0,away_goal_difference_l10,-0.08260101838803269
60.0,away_goal_difference_l10,-0.08004914417131287
65.0,away_goal_difference_l10,-0.10312350418311905
70.0,away_goal_difference_l10,-0.06193109978881256
75.0,away_goal_difference_l10,-0.09690660062490161
80.0,away_goal_difference_l10,-0.05449874912338215
85.0,away_goal_difference_l10,-0.08038829063759381
90.0,away_goal_difference_l10,-0.08773399179277838
90.5,away_goal_difference_l10,-0.09657079257776968
0.0,away_xg_against_l10,0.09318119600477975
5.0,away_xg_against_l10,0.10240994076330834
10.0,away_xg_against_l10,0.10007525898814157
15.0,away_xg_against_l10,0.08426348924991423
20.0,away_xg_against_l10,0.092664050954132
25.0,away_xg_against_l10,0.08702830688295521
30.0,away_xg_against_l10,0.09325810759440223
35.0,away_xg_against_l10,0.09535230730036942
40.0,away_xg_against_l10,0.0773134708413363
45.0,away_xg_against_l10,0.0692066285342458
45.5,away_xg_against_l10,0.06777326402953529
50.0,away_xg_against_l10,0.08329131942113019
55.0,away_xg_against_l10,0.09389482002388735
60.0,away_xg_against_l10,0.08967159058488733
65.0,away_xg_against_l10,0.06987366056575417
70.0,away_xg_against_l10,0.08803366609885094
75.0,away_xg_against_l10,0.08584721377160515
80.0,away_xg_against_l10,0.09173301665607259
85.0,away_xg_against_l10,0.0998552663045853
90.0,away_xg_against_l10,0.07558072321663378
90.5,away_xg_against_l10,0.07533951179643647
0.0,home_pass_completion_for_l5,0.09390508540276246
5.0,home_pass_completion_for_l5,0.09352832519672954
10.0,home_pass_completion_for_l5,0.09443817472680752
15.0,home_pass_completion_for_l5,0.08165390474443276
20.0,home_pass_completion_for_l5,0.07058609816003417
25.0,home_pass_completion_for_l5,0.07069005667884037
30.0,home_pass_completion_for_l5,0.06768224780351567
35.0,home_pass_completion_for_l5,0.06895574164102358
40.0,home_pass_completion_for_l5,0.08135127452534249
45.0,home_pass_completion_for_l5,0.04289761819290727
45.5,home_pass_completion_for_l5,0.06605798629338841
50.0,home_pass_completion_for_l5,0.08027480859338398
55.0,home_pass_completion_for_l5,0.07183554139356002
60.0,home_pass_completion_for_l5,0.0745349879942224
65.0,home_pass_completion_for_l5,0.08462933421704447
70.0,home_pass_completion_for_l5,0.07678306011890534
75.0,home_pass_completion_for_l5,0.07739171838476283
80.0,home_pass_completion_for_l5,0.07607019665987003
85.0,home_pass_completion_for_l5,0.055592142003115186
90.0,home_pass_completion_for_l5,0.07549339892493151
90.5,home_pass_completion_for_l5,0.08513964260395745
0.0,home_goals_for_l3,-0.012074525850142404
5.0,home_goals_for_l3,-0.012761244737273664
10.0,home_goals_for_l3,-0.007420405730323376
15.0,home_goals_for_l3,-0.00970116222558029
20.0,home_goals_for_l3,-0.05178072496347469
25.0,home_goals_for_l3,-0.04335022970988309
30.0,home_goals_for_l3,-0.044125980743496884
35.0,home_goals_for_l3,-0.05055507674109269
40.0,home_goals_for_l3,-0.05269881402926793
45.0,home_goals_for_l3,-0.03369125331094547
45.5,home_goals_for_l3,-0.03533765423205201
50.0,home_goals_for_l3,-0.044385996896915025
55.0,home_goals_for_l3,-0.04846158512373197
60.0,home_goals_for_l3,-0.04570578021589197
65.0,home_goals_for_l3,-0.047571885882927545
70.0,home_goals_for_l3,-0.04564974219349516
75.0,home_goals_for_l3,-0.044085339112697686
80.0,home_goals_for_l3,-0.05544699909165157
85.0,home_goals_for_l3,-0.038559522455538287
90.0,home_goals_for_l3,-0.04875292466126041
90.5,home_goals_for_l3,-0.042162186812024244
0.0,diff_xg_for_l3,-0.038683089729558584
5.0,diff_xg_for_l3,-0.05650661969545484
10.0,diff_xg_for_l3,-0.04005900162426568
15.0,diff_xg_for_l3,-0.04520760245359737
20.0,diff_xg_for_l3,-0.04636353236079699
25.0,diff_xg_for_l3,-0.03149621017708443
30.0,diff_xg_for_l3,-0.051994602133292156
35.0,diff_xg_for_l3,-0.03414913691046287
40.0,diff_xg_for_l3,-0.03702795957790547
45.0,diff_xg_for_l3,-0.03448780984643482
45.5,diff_xg_for_l3,-0.030558048059281473
50.0,diff_xg_for_l3,-0.03810225194307648
55.0,diff_xg_for_l3,-0.03649506259278518
60.0,diff_xg_for_l3,-0.02845250884273126
65.0,diff_xg_for_l3,-0.032512551970017706
70.0,diff_xg_for_l3,-0.030733945153823328
75.0,diff_xg_for_l3,-0.03034974600820345
80.0,diff_xg_for_l3,-0.03204349038211607
85.0,diff_xg_for_l3,-0.03573681776055293
90.0,diff_xg_for_l3,-0.029500646893282217
90.5,diff_xg_for_l3,-0.040920913420066374
