Model,snapshot_id,snapshot_rank,MAE,RMSE,Correlation
Dummy,M00,0.0,1.4567815693746753,1.8999867369336925,
Dummy,M05,5.0,1.4567815693746753,1.8999867369336925,
Dummy,M10,10.0,1.4567815693746753,1.8999867369336925,
Dummy,M15,15.0,1.4567815693746753,1.8999867369336925,
Dummy,M20,20.0,1.4567815693746753,1.8999867369336925,
Dummy,M25,25.0,1.4567815693746753,1.8999867369336925,
Dummy,M30,30.0,1.4567815693746753,1.8999867369336925,
Dummy,M35,35.0,1.4567815693746753,1.8999867369336925,
Dummy,M40,40.0,1.4567815693746753,1.8999867369336925,
Dummy,M45,45.0,1.4567815693746753,1.8999867369336925,
Dummy,HT,45.5,1.4567815693746753,1.8999867369336925,
Dummy,M50,50.0,1.4567815693746753,1.8999867369336925,
Dummy,M55,55.0,1.4567815693746753,1.8999867369336925,
Dummy,M60,60.0,1.4567815693746753,1.8999867369336925,
Dummy,M65,65.0,1.4567815693746753,1.8999867369336925,
Dummy,M70,70.0,1.4567815693746753,1.8999867369336925,
Dummy,M75,75.0,1.4567815693746753,1.8999867369336925,
Dummy,M80,80.0,1.4567815693746753,1.8999867369336925,
Dummy,M85,85.0,1.4567815693746753,1.8999867369336925,
Dummy,M90,90.0,1.4567815693746753,1.8999867369336925,
Dummy,FT,90.5,1.4567815693746753,1.8999867369336925,
Random Forest,M00,0.0,1.4153350268984324,1.7998897824838271,0.31506075380154114
Random Forest,M05,5.0,1.4058434935571358,1.7854087817957414,0.3339872235803763
Random Forest,M10,10.0,1.401258091764583,1.7763835442845426,0.3357124703906421
Random Forest,M15,15.0,1.3928803889723966,1.762973314682863,0.36215585378246945
Random Forest,M20,20.0,1.3778133767563538,1.7273610333738896,0.40333705483098825
Random Forest,M25,25.0,1.3796967240068236,1.7143222645885283,0.42600117776424345
Random Forest,M30,30.0,1.3627521051170706,1.6873996861997997,0.45243749574472747
Random Forest,M35,35.0,1.3057202055567634,1.6176464992737767,0.5413828882682097
Random Forest,M40,40.0,1.2778682846332303,1.5915591173547472,0.5652360254887642
Random Forest,M45,45.0,1.2344834896460124,1.53189688462151,0.6078837317599999
Random Forest,HT,45.5,1.230520694838242,1.5172439088396434,0.6208539247312257
Random Forest,M50,50.0,1.243634643497912,1.5266008260781232,0.6132619807271342
Random Forest,M55,55.0,1.2601476456372267,1.5239167463659455,0.6151204977405598
Random Forest,M60,60.0,1.2291300785001524,1.505301345867306,0.6191890128806701
Random Forest,M65,65.0,1.2126512176515818,1.4941983456807462,0.6222026333881606
Random Forest,M70,70.0,1.1627637568364648,1.4686370506079094,0.6496015120482106
Random Forest,M75,75.0,1.1230733502961558,1.4113411222401129,0.7102167509298535
Random Forest,M80,80.0,1.0976271103496522,1.386014579402593,0.7213759093756351
Random Forest,M85,85.0,1.0927492940712022,1.384486700381093,0.725491770930764
Random Forest,M90,90.0,1.0747622776779542,1.3750714154400185,0.734315282052719
Random Forest,FT,90.5,1.0737394709325891,1.3695881708254016,0.7373084927241452
GBM,M00,0.0,1.4724472819130088,1.8783325774473063,0.22404390036130764
GBM,M05,5.0,1.448422658080075,1.8557819403245612,0.26979824570381394
GBM,M10,10.0,1.4359517487663722,1.8339347825978383,0.2806706928188759
GBM,M15,15.0,1.434763702783029,1.8209002634608797,0.32320080621117886
GBM,M20,20.0,1.3926050632733122,1.7654037540564629,0.3732913512423342
GBM,M25,25.0,1.3838290514288538,1.7344280831229548,0.42781229253039754
GBM,M30,30.0,1.3878110927931195,1.7354491203621325,0.4279627776707283
GBM,M35,35.0,1.2699184981642493,1.5849573537998154,0.5816292426389652
GBM,M40,40.0,1.2174852603748822,1.4943555246595752,0.6442913990189821
GBM,M45,45.0,1.1492278811861043,1.3923382215692974,0.6966366477885924
GBM,HT,45.5,1.1141695720270413,1.3317309663316084,0.7300837039521495
GBM,M50,50.0,1.1083173066733527,1.309476689937761,0.7408082355651588
GBM,M55,55.0,1.087789171278286,1.2890362087590579,0.7447982317999085
GBM,M60,60.0,1.0262890449726085,1.2740952586861423,0.7324758847960839
GBM,M65,65.0,1.0322191675928176,1.3113019754772648,0.7056833734353165
GBM,M70,70.0,0.9521019491757405,1.2085612686259726,0.757626118484189
GBM,M75,75.0,0.8442894252291225,1.0582108295466033,0.835069781847569
GBM,M80,80.0,0.7753420526443587,0.9966472325468437,0.8553803816074742
GBM,M85,85.0,0.7606126256115652,0.9522825716917053,0.8724960375906343
GBM,M90,90.0,0.713807156568608,0.9104791067880241,0.8857469705152429
GBM,FT,90.5,0.6419961768812777,0.8610462635942374,0.9078197026360244
XGBoost,M00,0.0,1.448871205844309,1.8966222893894857,0.1514885226064179
XGBoost,M05,5.0,1.4281090018541918,1.8767862912824107,0.20454431775755724
XGBoost,M10,10.0,1.4197500655832498,1.8530418443612817,0.2229195254927117
XGBoost,M15,15.0,1.422797976952532,1.8401350930099976,0.2674993848773605
XGBoost,M20,20.0,1.3853777855958627,1.7976320227920346,0.3047878497255933
XGBoost,M25,25.0,1.37028073389893,1.7590455078277762,0.36818445466322836
XGBoost,M30,30.0,1.380533312568846,1.7653439324018536,0.36847695274462955
XGBoost,M35,35.0,1.2646070933374374,1.6138442971564737,0.5344363872458232
XGBoost,M40,40.0,1.2307580280239168,1.5387069104878008,0.592537244714136
XGBoost,M45,45.0,1.1692022073447057,1.440726778628107,0.6530500429384961
XGBoost,HT,45.5,1.1452392149797601,1.3979610207821525,0.6800442607191772
XGBoost,M50,50.0,1.1276041230531004,1.3678802894995623,0.698979956751481
XGBoost,M55,55.0,1.1348115709083884,1.3533641935398983,0.7007479913068057
XGBoost,M60,60.0,1.0726206218013945,1.337182262523693,0.6943204963828189
XGBoost,M65,65.0,1.041517280973494,1.3580012789711478,0.6737294002382677
XGBoost,M70,70.0,0.9347670230933506,1.2416054383793889,0.742960212071868
XGBoost,M75,75.0,0.8286879416555166,1.0824813190237865,0.8262308176348621
XGBoost,M80,80.0,0.7688855312602676,1.017012975247515,0.8480685430099855
XGBoost,M85,85.0,0.7518301832631392,0.9960724951990461,0.8593581043831231
XGBoost,M90,90.0,0.7083320073155768,0.9614521810992994,0.871662625412861
XGBoost,FT,90.5,0.6538302154664922,0.9262710946144949,0.8861467023243934
LightGBM,M00,0.0,1.4579954434034916,1.9068050994144383,0.17692701820307868
LightGBM,M05,5.0,1.4507662772019612,1.8927557087297,0.21246751027490463
LightGBM,M10,10.0,1.4408267061691336,1.86928936114057,0.22746856660332707
LightGBM,M15,15.0,1.4416580641092198,1.8554842010715247,0.2697827265119064
LightGBM,M20,20.0,1.3997854799013545,1.7974825874925713,0.3236083267435873
LightGBM,M25,25.0,1.3904803598030262,1.7650528548470434,0.38211121414996807
LightGBM,M30,30.0,1.3973593863962306,1.7691065477114707,0.3828824612752061
LightGBM,M35,35.0,1.278794323056809,1.6258850243046723,0.5418007017067357
LightGBM,M40,40.0,1.2295739413135913,1.5432899974311087,0.6005691278100592
LightGBM,M45,45.0,1.1695501562632376,1.448910653269254,0.655337642281607
LightGBM,HT,45.5,1.1425094122498631,1.404392481308754,0.6819624810831366
LightGBM,M50,50.0,1.1260205682102367,1.3762957849799027,0.6976241424643838
LightGBM,M55,55.0,1.1154971999375427,1.3596913134425463,0.7035178610843419
LightGBM,M60,60.0,1.049689433193236,1.3413331760402276,0.695543811984101
LightGBM,M65,65.0,1.0288276233298959,1.35017606151336,0.6837978591587436
LightGBM,M70,70.0,0.9367826258992692,1.2450871138843564,0.7402525447621587
LightGBM,M75,75.0,0.83503149820758,1.1019704044662397,0.8178243081178745
LightGBM,M80,80.0,0.7734333448589304,1.0388183773760313,0.8381359471798447
LightGBM,M85,85.0,0.7603771608553325,1.008547799041825,0.8520790289072371
LightGBM,M90,90.0,0.7206361722360584,0.9683181943700241,0.8671046522029772
LightGBM,FT,90.5,0.6755086352011267,0.936288298176589,0.8797041229587647
NGBoost,M00,0.0,1.4547872377432685,1.8844251800875729,0.206595604991786
NGBoost,M05,5.0,1.4407401894037106,1.870934991004186,0.24227962096125322
NGBoost,M10,10.0,1.428505834028266,1.8438826599351574,0.2596707141511058
NGBoost,M15,15.0,1.4325287461778469,1.82967744952041,0.304534274314667
NGBoost,M20,20.0,1.39632172921963,1.779294728855871,0.3497057682741338
NGBoost,M25,25.0,1.383180076951209,1.7438096741376836,0.4086333496251855
NGBoost,M30,30.0,1.3922697801707231,1.7457452845974095,0.40910918727993945
NGBoost,M35,35.0,1.2694158441675751,1.6010535906730374,0.5644614889864428
NGBoost,M40,40.0,1.2243513253074065,1.5179103736330601,0.6252921303729293
NGBoost,M45,45.0,1.1516644144780086,1.411341716193166,0.6827228593342136
NGBoost,HT,45.5,1.1193058736007993,1.3614074615271283,0.7110583929594028
NGBoost,M50,50.0,1.109928709735268,1.3428323840221195,0.7210681447629256
NGBoost,M55,55.0,1.1021741984294633,1.3245997000372842,0.7242553130470984
NGBoost,M60,60.0,1.0450774614392544,1.310428923010784,0.7138247208826672
NGBoost,M65,65.0,1.0338407720198524,1.3315616862931101,0.6948414433686725
NGBoost,M70,70.0,0.9326979684980247,1.2268283323056348,0.7517882451594569
NGBoost,M75,75.0,0.8291980405489149,1.075715307238448,0.8300581507087177
NGBoost,M80,80.0,0.7744287488474655,1.013960545903916,0.8481396220359654
NGBoost,M85,85.0,0.7534804372505584,0.9829834479717314,0.8625101194748288
NGBoost,M90,90.0,0.7097664121540109,0.9461029548702999,0.8748642778676642
NGBoost,FT,90.5,0.652575727369322,0.907065602524432,0.8904144264975491
Frozen pre-match NGBoost,M00,0.0,1.5190513952851052,1.9209317522351579,0.19922665993612423
Frozen pre-match NGBoost,M05,5.0,1.5190513952851052,1.9209317522351579,0.19922665993612423
Frozen pre-match NGBoost,M10,10.0,1.5190513952851052,1.9209317522351579,0.19922665993612423
Frozen pre-match NGBoost,M15,15.0,1.5190513952851052,1.9209317522351579,0.19922665993612423
Frozen pre-match NGBoost,M20,20.0,1.5190513952851052,1.9209317522351579,0.19922665993612423
Frozen pre-match NGBoost,M25,25.0,1.5190513952851052,1.9209317522351579,0.19922665993612423
Frozen pre-match NGBoost,M30,30.0,1.5190513952851052,1.9209317522351579,0.19922665993612423
Frozen pre-match NGBoost,M35,35.0,1.5190513952851052,1.9209317522351579,0.19922665993612423
Frozen pre-match NGBoost,M40,40.0,1.5190513952851052,1.9209317522351579,0.19922665993612423
Frozen pre-match NGBoost,M45,45.0,1.5190513952851052,1.9209317522351579,0.19922665993612423
Frozen pre-match NGBoost,HT,45.5,1.5190513952851052,1.9209317522351579,0.19922665993612423
Frozen pre-match NGBoost,M50,50.0,1.5190513952851052,1.9209317522351579,0.19922665993612423
Frozen pre-match NGBoost,M55,55.0,1.5190513952851052,1.9209317522351579,0.19922665993612423
Frozen pre-match NGBoost,M60,60.0,1.5190513952851052,1.9209317522351579,0.19922665993612423
Frozen pre-match NGBoost,M65,65.0,1.5190513952851052,1.9209317522351579,0.19922665993612423
Frozen pre-match NGBoost,M70,70.0,1.5190513952851052,1.9209317522351579,0.19922665993612423
Frozen pre-match NGBoost,M75,75.0,1.5190513952851052,1.9209317522351579,0.19922665993612423
Frozen pre-match NGBoost,M80,80.0,1.5190513952851052,1.9209317522351579,0.19922665993612423
Frozen pre-match NGBoost,M85,85.0,1.5190513952851052,1.9209317522351579,0.19922665993612423
Frozen pre-match NGBoost,M90,90.0,1.5190513952851052,1.9209317522351579,0.19922665993612423
Frozen pre-match NGBoost,FT,90.5,1.5190513952851052,1.9209317522351579,0.19922665993612423
