Model,Calibration,RPS,LogLoss,Brier,ECE,Accuracy,MacroPrecision,MacroRecall,MacroF1,F1_Away,F1_Draw,F1_Home
De-vigged market,Market baseline,0.17484751790883699,0.9611379435909696,0.5736071648100245,0.1412502669745697,0.5217391304347826,0.30357142857142855,0.48888888888888893,0.36725146198830405,0.4,0.0,0.7017543859649122
Random Forest,Raw,0.19577542962157568,1.0118812281561886,0.6054010149712802,0.05545401045911207,0.4782608695652174,0.4282679738562092,0.4377777777777778,0.3849157054125998,0.2608695652173913,0.2,0.6938775510204082
Random Forest,Platt,0.2010803998902045,1.0483096345716483,0.6323194522949016,0.11380212684902152,0.43478260869565216,0.2898550724637681,0.43555555555555553,0.31417624521072796,0.27586206896551724,0.0,0.6666666666666666
SVC-RBF,Raw,0.2025399214710419,1.029670593125728,0.6182155572677911,0.1447483830926165,0.5217391304347826,0.46767676767676764,0.37999999999999995,0.3571200510855683,0.125,0.2222222222222222,0.7241379310344828
SVC-RBF,Platt,0.20434680898557628,1.0704644819378542,0.640638391309407,0.10575767340396008,0.5,0.2634032634032634,0.39111111111111113,0.3115547489413188,0.21052631578947367,0.0,0.7241379310344828
Dummy,Platt,0.21041561274187173,1.0751402090168098,0.6468789909540126,0.12789502271008496,0.5434782608695652,0.18115942028985507,0.3333333333333333,0.23474178403755866,0.0,0.0,0.704225352112676
XGBoost,Platt,0.2110697654865732,1.089609467384038,0.6571452501335326,0.06106692562799508,0.4782608695652174,0.28719948018193636,0.42,0.3235897435897436,0.24,0.0,0.7307692307692307
LightGBM,Platt,0.21185071211149883,1.0965469505704555,0.6597285969774739,0.11824288392770553,0.45652173913043476,0.5791316526610645,0.33111111111111113,0.30964588460486736,0.08695652173913043,0.125,0.7169811320754716
Dummy,Raw,0.2123525644520481,1.069842466709807,0.645998717756723,0.15702407760263298,0.5434782608695652,0.18115942028985507,0.3333333333333333,0.23474178403755866,0.0,0.0,0.704225352112676
NGBoost,Platt,0.21424943832334692,1.1060071309579604,0.6647512306345473,0.14699597693912475,0.5,0.2817204301075269,0.43333333333333335,0.3333333333333333,0.2857142857142857,0.0,0.7142857142857143
GBM,Platt,0.21564481359799723,1.092427638547287,0.6574367712069475,0.1014183788776294,0.43478260869565216,0.21505376344086022,0.26666666666666666,0.2380952380952381,0.0,0.0,0.7142857142857143
XGBoost,Raw,0.21686431664354544,1.0990306471453262,0.6483451943270018,0.10370040460624232,0.45652173913043476,0.42077294685990335,0.35777777777777775,0.3699102829537612,0.09523809523809523,0.34782608695652173,0.6666666666666666
LightGBM,Raw,0.22348505315502226,1.1747768847452076,0.67185242263929,0.1671644243094896,0.4782608695652174,0.4304029304029304,0.38888888888888884,0.4006271717942198,0.10526315789473684,0.4444444444444444,0.6521739130434783
GBM,Raw,0.2309619126313707,1.2024349659143823,0.6808516870386828,0.15328705481997737,0.5,0.44988344988344986,0.4022222222222222,0.4158842277543286,0.10526315789473684,0.46153846153846156,0.6808510638297872
NGBoost,Raw,0.2392383312239593,1.3828830099144556,0.7486380455369575,0.2577063797274697,0.43478260869565216,0.31746031746031744,0.28444444444444444,0.2913752913752914,0.0,0.18181818181818182,0.6923076923076923
