Model,snapshot_id,snapshot_rank,RPS,LogLoss,Brier,ECE,Accuracy,MacroPrecision,MacroRecall,MacroF1,F1_Away,F1_Draw,F1_Home
Dummy,M00,0.0,0.21041728946343408,1.075134731378365,0.6468779640256481,0.12791709995976874,0.5434782608695652,0.18115942028985507,0.3333333333333333,0.23474178403755866,0.0,0.0,0.704225352112676
Dummy,M05,5.0,0.21041728946343408,1.075134731378365,0.6468779640256481,0.12791709995976874,0.5434782608695652,0.18115942028985507,0.3333333333333333,0.23474178403755866,0.0,0.0,0.704225352112676
Dummy,M10,10.0,0.21041728946343408,1.075134731378365,0.6468779640256481,0.12791709995976874,0.5434782608695652,0.18115942028985507,0.3333333333333333,0.23474178403755866,0.0,0.0,0.704225352112676
Dummy,M15,15.0,0.21041728946343408,1.075134731378365,0.6468779640256481,0.12791709995976874,0.5434782608695652,0.18115942028985507,0.3333333333333333,0.23474178403755866,0.0,0.0,0.704225352112676
Dummy,M20,20.0,0.21041728946343408,1.075134731378365,0.6468779640256481,0.12791709995976874,0.5434782608695652,0.18115942028985507,0.3333333333333333,0.23474178403755866,0.0,0.0,0.704225352112676
Dummy,M25,25.0,0.21041728946343408,1.075134731378365,0.6468779640256481,0.12791709995976874,0.5434782608695652,0.18115942028985507,0.3333333333333333,0.23474178403755866,0.0,0.0,0.704225352112676
Dummy,M30,30.0,0.21041728946343408,1.075134731378365,0.6468779640256481,0.12791709995976874,0.5434782608695652,0.18115942028985507,0.3333333333333333,0.23474178403755866,0.0,0.0,0.704225352112676
Dummy,M35,35.0,0.21041728946343408,1.075134731378365,0.6468779640256481,0.12791709995976874,0.5434782608695652,0.18115942028985507,0.3333333333333333,0.23474178403755866,0.0,0.0,0.704225352112676
Dummy,M40,40.0,0.21041728946343408,1.075134731378365,0.6468779640256481,0.12791709995976874,0.5434782608695652,0.18115942028985507,0.3333333333333333,0.23474178403755866,0.0,0.0,0.704225352112676
Dummy,M45,45.0,0.21041728946343408,1.075134731378365,0.6468779640256481,0.12791709995976874,0.5434782608695652,0.18115942028985507,0.3333333333333333,0.23474178403755866,0.0,0.0,0.704225352112676
Dummy,HT,45.5,0.21041728946343408,1.075134731378365,0.6468779640256481,0.12791709995976874,0.5434782608695652,0.18115942028985507,0.3333333333333333,0.23474178403755866,0.0,0.0,0.704225352112676
Dummy,M50,50.0,0.21041728946343408,1.075134731378365,0.6468779640256481,0.12791709995976874,0.5434782608695652,0.18115942028985507,0.3333333333333333,0.23474178403755866,0.0,0.0,0.704225352112676
Dummy,M55,55.0,0.21041728946343408,1.075134731378365,0.6468779640256481,0.12791709995976874,0.5434782608695652,0.18115942028985507,0.3333333333333333,0.23474178403755866,0.0,0.0,0.704225352112676
Dummy,M60,60.0,0.21041728946343408,1.075134731378365,0.6468779640256481,0.12791709995976874,0.5434782608695652,0.18115942028985507,0.3333333333333333,0.23474178403755866,0.0,0.0,0.704225352112676
Dummy,M65,65.0,0.21041728946343408,1.075134731378365,0.6468779640256481,0.12791709995976874,0.5434782608695652,0.18115942028985507,0.3333333333333333,0.23474178403755866,0.0,0.0,0.704225352112676
Dummy,M70,70.0,0.21041728946343408,1.075134731378365,0.6468779640256481,0.12791709995976874,0.5434782608695652,0.18115942028985507,0.3333333333333333,0.23474178403755866,0.0,0.0,0.704225352112676
Dummy,M75,75.0,0.21041728946343408,1.075134731378365,0.6468779640256481,0.12791709995976874,0.5434782608695652,0.18115942028985507,0.3333333333333333,0.23474178403755866,0.0,0.0,0.704225352112676
Dummy,M80,80.0,0.21041728946343408,1.075134731378365,0.6468779640256481,0.12791709995976874,0.5434782608695652,0.18115942028985507,0.3333333333333333,0.23474178403755866,0.0,0.0,0.704225352112676
Dummy,M85,85.0,0.21041728946343408,1.075134731378365,0.6468779640256481,0.12791709995976874,0.5434782608695652,0.18115942028985507,0.3333333333333333,0.23474178403755866,0.0,0.0,0.704225352112676
Dummy,M90,90.0,0.21041728946343408,1.075134731378365,0.6468779640256481,0.12791709995976874,0.5434782608695652,0.18115942028985507,0.3333333333333333,0.23474178403755866,0.0,0.0,0.704225352112676
Dummy,FT,90.5,0.21041728946343408,1.075134731378365,0.6468779640256481,0.12791709995976874,0.5434782608695652,0.18115942028985507,0.3333333333333333,0.23474178403755866,0.0,0.0,0.704225352112676
Random Forest,M00,0.0,0.2208166005620728,1.1234561866994257,0.6776044118485371,0.1778609551829116,0.43478260869565216,0.2837301587301588,0.39333333333333337,0.30536659108087677,0.2222222222222222,0.0,0.6938775510204082
Random Forest,M05,5.0,0.2195947690334659,1.139180481386386,0.6815054861942076,0.2115169232021539,0.45652173913043476,0.29,0.4066666666666667,0.3169230769230769,0.23076923076923078,0.0,0.72
Random Forest,M10,10.0,0.22097376027698665,1.1373754903945306,0.6803423215352841,0.2240666653823108,0.4782608695652174,0.6233333333333333,0.4288888888888889,0.3585897435897436,0.23076923076923078,0.125,0.72
Random Forest,M15,15.0,0.22764907297026798,1.1669542827138186,0.6996992166422785,0.26724782907542055,0.45652173913043476,0.6170634920634921,0.4155555555555555,0.34703325774754346,0.2222222222222222,0.125,0.6938775510204082
Random Forest,M20,20.0,0.21981038063111313,1.1513940862456977,0.6871153806854963,0.17540233629214336,0.45652173913043476,0.2876190476190476,0.4066666666666667,0.31407407407407406,0.2222222222222222,0.0,0.72
Random Forest,M25,25.0,0.2141222886596998,1.1270057518270216,0.6801950782180947,0.18890774330444077,0.4782608695652174,0.6233333333333333,0.4288888888888889,0.3585897435897436,0.23076923076923078,0.125,0.72
Random Forest,M30,30.0,0.21928025820128866,1.1488986159528363,0.6908023779566058,0.18046372995662116,0.4782608695652174,0.4137426900584795,0.4288888888888889,0.3619349962207105,0.24,0.1111111111111111,0.7346938775510204
Random Forest,M35,35.0,0.20809541540247847,1.1124742552120377,0.6699021144396272,0.18792214900279874,0.5,0.6548089591567853,0.4844444444444444,0.38690476190476186,0.2857142857142857,0.125,0.75
Random Forest,M40,40.0,0.20522878402038122,1.1027673212442224,0.6632181461777789,0.23552995366938279,0.4782608695652174,0.31884057971014496,0.46222222222222226,0.3419540229885058,0.27586206896551724,0.0,0.75
Random Forest,M45,45.0,0.19853348900793497,1.0800439756435123,0.6476776814479634,0.23583657815591463,0.4782608695652174,0.31884057971014496,0.46222222222222226,0.3419540229885058,0.27586206896551724,0.0,0.75
Random Forest,HT,45.5,0.19999296566478272,1.069093050586579,0.6451928070674893,0.25960519587081266,0.4782608695652174,0.31884057971014496,0.46222222222222226,0.3419540229885058,0.27586206896551724,0.0,0.75
Random Forest,M50,50.0,0.19057078837898073,1.0358319161043392,0.6225575108530813,0.21430066809617676,0.5217391304347826,0.5497584541062802,0.5066666666666667,0.4266381766381766,0.3076923076923077,0.2222222222222222,0.75
Random Forest,M55,55.0,0.19182798263760503,1.0424802448983743,0.6303298935136543,0.17542598429846878,0.5,0.48333333333333334,0.4844444444444444,0.3866777480222859,0.3076923076923077,0.11764705882352941,0.7346938775510204
Random Forest,M60,60.0,0.18501438173788012,1.0115620751052141,0.6121856443327283,0.17833738806267754,0.5,0.31682539682539684,0.47555555555555556,0.3520987654320988,0.2962962962962963,0.0,0.76
Random Forest,M65,65.0,0.18077571353013897,0.9915581306987938,0.5998690172265746,0.16350618871092235,0.5217391304347826,0.3170890188434048,0.48888888888888893,0.3630769230769231,0.32,0.0,0.7692307692307693
Random Forest,M70,70.0,0.16840987580648295,0.9449419649051353,0.572092396133276,0.12559126426797695,0.5217391304347826,0.3055555555555555,0.4466666666666666,0.3474842767295598,0.25,0.0,0.7924528301886793
Random Forest,M75,75.0,0.15618778065189415,0.9018475966378393,0.5417400335713979,0.10992108781048321,0.5652173913043478,0.5210526315789473,0.5666666666666668,0.43921568627450985,0.4,0.11764705882352941,0.8
Random Forest,M80,80.0,0.15253571485024545,0.892762256079581,0.5339926722554773,0.09310968138299655,0.5652173913043478,0.3525641025641026,0.5577777777777778,0.4027149321266968,0.38461538461538464,0.0,0.8235294117647058
Random Forest,M85,85.0,0.1467180172465899,0.8535733338359104,0.5136490375797316,0.12795953197469903,0.5652173913043478,0.3525641025641026,0.5577777777777778,0.4027149321266968,0.38461538461538464,0.0,0.8235294117647058
Random Forest,M90,90.0,0.1390823155994621,0.8332335824439108,0.4983004171588051,0.1420836033604344,0.5434782608695652,0.35000000000000003,0.5444444444444444,0.39487179487179486,0.38461538461538464,0.0,0.8
Random Forest,FT,90.5,0.14047291256150804,0.83958410307775,0.5043418656678902,0.15325161486851882,0.5434782608695652,0.3441295546558705,0.5444444444444444,0.39477124183006534,0.4,0.0,0.7843137254901961
GBM,M00,0.0,0.2552089279194313,1.2229178902919704,0.745291498068664,0.2408794442517121,0.32608695652173914,0.19999999999999998,0.19999999999999998,0.19999999999999998,0.0,0.0,0.6
GBM,M05,5.0,0.24602285098334314,1.2006555550802651,0.7258332598497089,0.2258620272254761,0.3695652173913043,0.22364672364672367,0.2688888888888889,0.23692810457516342,0.08333333333333333,0.0,0.6274509803921569
GBM,M10,10.0,0.24315359363470504,1.189602936696518,0.717577572084499,0.23601627904415556,0.3695652173913043,0.21713870733478577,0.2688888888888889,0.23411371237458192,0.08695652173913043,0.0,0.6153846153846154
GBM,M15,15.0,0.2446560663108816,1.199520245522925,0.7274928468138989,0.2474238476329048,0.3695652173913043,0.24166666666666667,0.3111111111111111,0.2553636839351125,0.15384615384615385,0.0,0.6122448979591837
GBM,M20,20.0,0.2345781593785154,1.1623766044514512,0.7046528342583938,0.25049023634486456,0.34782608695652173,0.24386724386724387,0.29777777777777775,0.24796427633307064,0.14814814814814814,0.0,0.5957446808510638
GBM,M25,25.0,0.2289098226159051,1.1359314316937283,0.6937405994991035,0.18198113156537477,0.391304347826087,0.25555555555555554,0.3244444444444445,0.26896912611198326,0.15384615384615385,0.0,0.6530612244897959
GBM,M30,30.0,0.23736073577463115,1.1603667741628334,0.7081217376512646,0.25833080187213425,0.3695652173913043,0.24913733609385783,0.3111111111111111,0.25771604938271603,0.14814814814814814,0.0,0.625
GBM,M35,35.0,0.2223578021809176,1.1202497668526836,0.6805495666170286,0.21155965427144754,0.391304347826087,0.28354978354978355,0.3666666666666667,0.2888198757763975,0.21428571428571427,0.0,0.6521739130434783
GBM,M40,40.0,0.21884348206112011,1.1124387527173583,0.674511932857582,0.2119204627498105,0.391304347826087,0.29347826086956524,0.3666666666666667,0.2911877394636015,0.20689655172413793,0.0,0.6666666666666666
GBM,M45,45.0,0.2076038444405745,1.0776980183384115,0.6494348815804568,0.16457111844776015,0.43478260869565216,0.30303030303030304,0.39333333333333337,0.3125633232016211,0.21428571428571427,0.0,0.723404255319149
GBM,HT,45.5,0.2042624972179853,1.0612267810248261,0.6390836966521364,0.1688795580464049,0.45652173913043476,0.30848861283643897,0.4066666666666667,0.32407407407407407,0.2222222222222222,0.0,0.75
GBM,M50,50.0,0.19961997867104997,1.0424308785688259,0.6268026552076602,0.18029925324336216,0.45652173913043476,0.39985380116959063,0.4155555555555555,0.34832955404383975,0.24,0.1111111111111111,0.6938775510204082
GBM,M55,55.0,0.20026547782949458,1.0479875822255875,0.6340915929613274,0.155514717289554,0.45652173913043476,0.2955555555555555,0.4066666666666667,0.3233333333333333,0.25,0.0,0.72
GBM,M60,60.0,0.19524651200900148,1.0272268349492883,0.6220604811112864,0.1400563293888241,0.45652173913043476,0.2955555555555555,0.4066666666666667,0.3233333333333333,0.25,0.0,0.72
GBM,M65,65.0,0.19206683310884218,1.013658800281712,0.6120346752337508,0.12542240220484627,0.4782608695652174,0.29012345679012347,0.42,0.3269230769230769,0.25,0.0,0.7307692307692307
GBM,M70,70.0,0.17373934193892937,0.9552600390014845,0.5742459326951468,0.1501338487890299,0.5,0.3057371096586783,0.43333333333333335,0.3433667781493868,0.2608695652173913,0.0,0.7692307692307693
GBM,M75,75.0,0.16356128338751375,0.9126359694192139,0.5474666352807973,0.12553266614289318,0.5217391304347826,0.32098765432098764,0.48888888888888893,0.36752136752136755,0.3333333333333333,0.0,0.7692307692307693
GBM,M80,80.0,0.15523791745873747,0.8865072097816455,0.5297141159743052,0.15587251673619776,0.5434782608695652,0.3284313725490196,0.5022222222222222,0.3800929723817337,0.34782608695652173,0.0,0.7924528301886793
GBM,M85,85.0,0.15115081870344188,0.856284402196081,0.5132122654775914,0.2058518615651094,0.5652173913043478,0.6617647058823529,0.5244444444444444,0.42175963904840036,0.34782608695652173,0.125,0.7924528301886793
GBM,M90,90.0,0.14077216787610355,0.8255381182933507,0.49367452864421657,0.20583492081922358,0.5869565217391305,0.5084291187739464,0.5377777777777778,0.43780475153024173,0.38095238095238093,0.11764705882352941,0.8148148148148148
GBM,FT,90.5,0.135794217218488,0.8027961650257767,0.47651761650210395,0.18248382592220416,0.6086956521739131,0.6810344827586207,0.5511111111111111,0.44682940516273845,0.36363636363636365,0.125,0.8518518518518519
XGBoost,M00,0.0,0.24609561005360767,1.1946269727702994,0.7207531750063769,0.18463798736788659,0.43478260869565216,0.38905228758169935,0.32666666666666666,0.3269446909198462,0.08695652173913043,0.2,0.6938775510204082
XGBoost,M05,5.0,0.23888890204394475,1.1747536066354278,0.7051344562018127,0.1893410943882484,0.4782608695652174,0.4922071392659628,0.3955555555555555,0.36733920621388655,0.17391304347826086,0.2222222222222222,0.7058823529411765
XGBoost,M10,10.0,0.23605409454381834,1.1649984941185685,0.6979118775547863,0.16918004039517193,0.41304347826086957,0.348667672197084,0.30444444444444446,0.2882447665056361,0.08695652173913043,0.1111111111111111,0.6666666666666666
XGBoost,M15,15.0,0.24066360990270377,1.188892869894713,0.7174265871183165,0.19648943775841057,0.43478260869565216,0.37481481481481477,0.36000000000000004,0.3192592592592593,0.16666666666666666,0.1111111111111111,0.68
XGBoost,M20,20.0,0.23230755138180137,1.1575195512531473,0.6987277588450607,0.18774393738489925,0.43478260869565216,0.37481481481481477,0.36000000000000004,0.3192592592592593,0.16666666666666666,0.1111111111111111,0.68
XGBoost,M25,25.0,0.22457773377647514,1.1131790437400215,0.6834461785637826,0.1771748020882894,0.4782608695652174,0.4592982456140351,0.4288888888888889,0.3592156862745098,0.24,0.11764705882352941,0.72
XGBoost,M30,30.0,0.23239649914911858,1.1452557128446728,0.6964438046431508,0.2076349901945599,0.4782608695652174,0.4592982456140351,0.4288888888888889,0.3592156862745098,0.24,0.11764705882352941,0.72
XGBoost,M35,35.0,0.21634702869337327,1.0918883564126158,0.6688287802236002,0.18815271853727608,0.4782608695652174,0.3243616287094548,0.46222222222222226,0.3487654320987654,0.2962962962962963,0.0,0.75
XGBoost,M40,40.0,0.20610776782102463,1.067181516381991,0.6487268927494658,0.1686281111421373,0.5,0.33885438233264314,0.47555555555555556,0.36265432098765427,0.2962962962962963,0.0,0.7916666666666666
XGBoost,M45,45.0,0.19634452721874485,1.0302172385494028,0.6256666484219529,0.16487184697498397,0.5,0.33885438233264314,0.47555555555555556,0.36265432098765427,0.2962962962962963,0.0,0.7916666666666666
XGBoost,HT,45.5,0.19605761262573582,1.0346252784079788,0.6216555646587503,0.19158348907022704,0.5,0.33885438233264314,0.47555555555555556,0.36265432098765427,0.2962962962962963,0.0,0.7916666666666666
XGBoost,M50,50.0,0.18897355158884496,0.9921680843818751,0.6014099692685452,0.18662277810165626,0.5,0.4386473429951691,0.4844444444444444,0.3896011396011396,0.3076923076923077,0.1111111111111111,0.75
XGBoost,M55,55.0,0.1929765241531773,1.0087080204744225,0.6175597649877829,0.1794879059457293,0.4782608695652174,0.3243616287094548,0.46222222222222226,0.3487654320987654,0.2962962962962963,0.0,0.75
XGBoost,M60,60.0,0.18789178492217373,0.9845963651117685,0.6038126645618405,0.18833766349547182,0.4782608695652174,0.31666666666666665,0.46222222222222226,0.3474620617477761,0.3076923076923077,0.0,0.7346938775510204
XGBoost,M65,65.0,0.18545485551798377,0.9692642858972755,0.5917122230724522,0.19543278962495178,0.5,0.3137651821862348,0.47555555555555556,0.3550326797385621,0.32,0.0,0.7450980392156863
XGBoost,M70,70.0,0.16019886467889416,0.8765372942306782,0.5359441723280038,0.12405640669799838,0.5434782608695652,0.49201161946259986,0.5111111111111111,0.41156797167027354,0.34782608695652173,0.11764705882352941,0.7692307692307693
XGBoost,M75,75.0,0.1438850410330879,0.8133300737113021,0.49145378978479176,0.07203537533300212,0.5869565217391305,0.6950067476383266,0.6222222222222222,0.46310457516339865,0.48,0.125,0.7843137254901961
XGBoost,M80,80.0,0.13030420045098887,0.7720042873370758,0.4639370859296407,0.07034600694175537,0.6086956521739131,0.7037037037037037,0.6355555555555555,0.4775641025641026,0.5,0.125,0.8076923076923077
XGBoost,M85,85.0,0.12210014374521912,0.7275288775886462,0.4333317131928146,0.10373592826487546,0.6086956521739131,0.7078272604588394,0.6355555555555555,0.47617647058823526,0.48,0.125,0.8235294117647058
XGBoost,M90,90.0,0.10791038280154304,0.6851119874527475,0.4052901004941996,0.06484990668934756,0.6739130434782609,0.7321428571428571,0.6844444444444444,0.5495577304678304,0.5454545454545454,0.23529411764705882,0.8679245283018868
XGBoost,FT,90.5,0.1012529888568661,0.6553587403040292,0.38262370697545556,0.08711498827325302,0.6956521739130435,0.742283950617284,0.7066666666666667,0.5878010878010878,0.5454545454545454,0.3333333333333333,0.8846153846153846
LightGBM,M00,0.0,0.23734008940206588,1.1587061092782498,0.6995521675320068,0.1900536670565606,0.45652173913043476,0.47938662644545,0.38222222222222224,0.3542673107890499,0.17391304347826086,0.2222222222222222,0.6666666666666666
LightGBM,M05,5.0,0.23012066649031265,1.1360478991587555,0.683982230015469,0.1527124154558864,0.4782608695652174,0.4922071392659628,0.3955555555555555,0.36733920621388655,0.17391304347826086,0.2222222222222222,0.7058823529411765
LightGBM,M10,10.0,0.22793897253763462,1.1300936816076435,0.6780360807216453,0.14516376578485302,0.4782608695652174,0.4683333333333333,0.40444444444444444,0.38727272727272727,0.18181818181818182,0.3,0.68
LightGBM,M15,15.0,0.23123336770154387,1.14498634328923,0.6917103061933595,0.16319702729988858,0.45652173913043476,0.4325490196078432,0.38222222222222224,0.3548131197559115,0.17391304347826086,0.21052631578947367,0.68
LightGBM,M20,20.0,0.2241531609592931,1.106672453388768,0.6735806801151845,0.22149134222965147,0.45652173913043476,0.4325490196078432,0.38222222222222224,0.3548131197559115,0.17391304347826086,0.21052631578947367,0.68
LightGBM,M25,25.0,0.2152310961501913,1.069247091889964,0.6568943285885013,0.2452508646367634,0.5,0.5177777777777778,0.4511111111111111,0.3974074074074074,0.25,0.2222222222222222,0.72
LightGBM,M30,30.0,0.22426826757350227,1.1018899190963791,0.6723944404699883,0.2583617074616017,0.5,0.5416666666666666,0.45999999999999996,0.4198890082348729,0.25,0.3157894736842105,0.6938775510204082
LightGBM,M35,35.0,0.21199884922245324,1.0655102771605522,0.6538063282675152,0.2080937115227634,0.5217391304347826,0.5277511961722489,0.5155555555555557,0.4478014184397163,0.32,0.3,0.723404255319149
LightGBM,M40,40.0,0.20444518488982696,1.0460872932141478,0.6393400879890488,0.15070885470976816,0.5217391304347826,0.5365079365079365,0.5155555555555557,0.44894091415830545,0.3076923076923077,0.3,0.7391304347826086
LightGBM,M45,45.0,0.19645398378905043,1.0173849402127357,0.6209946244745715,0.165232991780834,0.5217391304347826,0.5365079365079365,0.5155555555555557,0.44894091415830545,0.3076923076923077,0.3,0.7391304347826086
LightGBM,HT,45.5,0.19324080787455353,1.0095209538107437,0.6125634844370793,0.20325664678578115,0.5434782608695652,0.542902711323764,0.5288888888888889,0.46198581560283686,0.32,0.3,0.7659574468085106
LightGBM,M50,50.0,0.18795370781040385,0.9764064884788322,0.5961937812269114,0.15438157206526296,0.5217391304347826,0.5204508856682769,0.5155555555555557,0.44722222222222224,0.3333333333333333,0.3,0.7083333333333334
LightGBM,M55,55.0,0.19116929428540014,0.9928925357933955,0.6106829598617112,0.18988129498577624,0.5,0.4832189168573608,0.49333333333333335,0.41295321637426907,0.32,0.21052631578947367,0.7083333333333334
LightGBM,M60,60.0,0.18737049257917704,0.9747018926663769,0.5986885989672228,0.1981501543534418,0.5217391304347826,0.49074074074074076,0.5066666666666667,0.42618450889127574,0.3333333333333333,0.21052631578947367,0.7346938775510204
LightGBM,M65,65.0,0.18540863601528054,0.9647007019877749,0.5882976183658973,0.17889095061053104,0.5217391304347826,0.4850980392156863,0.5066666666666667,0.4261174675819985,0.34782608695652173,0.21052631578947367,0.72
LightGBM,M70,70.0,0.16325984695638027,0.8820193915288953,0.5397244565748011,0.18321584433960553,0.5434782608695652,0.4935897435897436,0.52,0.4397535728805078,0.36363636363636365,0.21052631578947367,0.7450980392156863
LightGBM,M75,75.0,0.14749039001128872,0.8222848496230838,0.4982829516812831,0.1655551352254261,0.5869565217391305,0.6919298245614035,0.6311111111111111,0.49176470588235294,0.48,0.23529411764705882,0.76
LightGBM,M80,80.0,0.1382523076208682,0.79080795287405,0.47769649331026526,0.15641488468794873,0.6086956521739131,0.7008547008547009,0.6444444444444445,0.5065359477124183,0.5,0.23529411764705882,0.7843137254901961
LightGBM,M85,85.0,0.13072916920446484,0.7548577766960602,0.4490250386033172,0.1310022940082723,0.6304347826086957,0.7111111111111111,0.6666666666666666,0.5444444444444444,0.5,0.3333333333333333,0.8
LightGBM,M90,90.0,0.11724840653003084,0.7147058282798461,0.42280452936992097,0.12389423829210182,0.6739130434782609,0.6549382716049382,0.6933333333333334,0.5777906304222094,0.5714285714285714,0.3157894736842105,0.8461538461538461
LightGBM,FT,90.5,0.10917410699939757,0.6806243015253444,0.39664098398554354,0.14374841931204432,0.717391304347826,0.7506172839506172,0.7288888888888888,0.6256988625409677,0.5714285714285714,0.42105263157894735,0.8846153846153846
NGBoost,M00,0.0,0.20765759517823776,1.0501470384754756,0.6338756741535928,0.08471876634216122,0.5,0.41774891774891776,0.4177777777777778,0.3957555577977332,0.23529411764705882,0.2727272727272727,0.6792452830188679
NGBoost,M05,5.0,0.20180955700528197,1.0321823847034859,0.6253028439409823,0.10127167892935947,0.5,0.43416927899686525,0.4177777777777778,0.395891690009337,0.23529411764705882,0.2857142857142857,0.6666666666666666
NGBoost,M10,10.0,0.20106094072731728,1.0300093669742865,0.6266270767262858,0.17076239121406808,0.5217391304347826,0.44220032840722495,0.3977777777777778,0.39744668911335584,0.125,0.36363636363636365,0.7037037037037037
NGBoost,M15,15.0,0.19989612110832677,1.0417722362489197,0.6366833353714265,0.12113024396129421,0.5,0.4365079365079365,0.4177777777777778,0.3957272636517919,0.2222222222222222,0.2857142857142857,0.6792452830188679
NGBoost,M20,20.0,0.19071654816113615,1.0213136297159822,0.6080068672570359,0.11033364931446638,0.5434782608695652,0.4854406130268199,0.4444444444444445,0.4209876543209876,0.2222222222222222,0.3,0.7407407407407407
NGBoost,M25,25.0,0.18509593427673793,0.9997997774069848,0.5960414450875681,0.1321458912128061,0.5869565217391305,0.5714285714285715,0.5133333333333333,0.4694141012909632,0.3,0.3157894736842105,0.7924528301886793
NGBoost,M30,30.0,0.20480930859830276,1.0654923260661877,0.6295053006195142,0.15819058715151657,0.5652173913043478,0.5635802469135802,0.5,0.45691150954308846,0.2857142857142857,0.3157894736842105,0.7692307692307693
NGBoost,M35,35.0,0.1904067131708479,1.010545151168848,0.6061241482656732,0.15402744300894972,0.5869565217391305,0.5897435897435898,0.5555555555555556,0.4879131876035901,0.36363636363636365,0.3157894736842105,0.7843137254901961
NGBoost,M40,40.0,0.18775745037900451,1.0064743749520002,0.6055495916252943,0.15957631102816122,0.5869565217391305,0.5950980392156863,0.5555555555555556,0.4878718535469108,0.34782608695652173,0.3157894736842105,0.8
NGBoost,M45,45.0,0.17807896052300154,0.9707821621665513,0.5792862574034877,0.13761238508528192,0.5869565217391305,0.5950980392156863,0.5555555555555556,0.4878718535469108,0.34782608695652173,0.3157894736842105,0.8
NGBoost,HT,45.5,0.16575390751616909,0.9264819272134852,0.5501246928719566,0.13062744265362655,0.6086956521739131,0.6025641025641025,0.5688888888888889,0.5009850830284267,0.36363636363636365,0.3157894736842105,0.8235294117647058
NGBoost,M50,50.0,0.1595779901998183,0.892775437222824,0.5323644816962002,0.1360219999260128,0.6086956521739131,0.5777777777777778,0.5777777777777778,0.5206349206349207,0.38095238095238093,0.38095238095238093,0.8
NGBoost,M55,55.0,0.16089663877527138,0.8994900493763096,0.5480225619110368,0.13470885489655882,0.5652173913043478,0.5064102564102564,0.5333333333333333,0.4528254683053445,0.36363636363636365,0.21052631578947367,0.7843137254901961
NGBoost,M60,60.0,0.15334726690770611,0.8707608126886344,0.5288171919837723,0.08574795266725053,0.5869565217391305,0.5648148148148148,0.5466666666666666,0.4645169645169645,0.36363636363636365,0.2222222222222222,0.8076923076923077
NGBoost,M65,65.0,0.1470508706435315,0.8438074555130385,0.5076612103529895,0.11838310422482001,0.5869565217391305,0.5611111111111111,0.5466666666666666,0.46520914445442746,0.38095238095238093,0.2222222222222222,0.7924528301886793
NGBoost,M70,70.0,0.12764897139697276,0.7842612899397089,0.45940463268764825,0.14044861514687798,0.5869565217391305,0.5063492063492063,0.5377777777777778,0.43921568627450985,0.4,0.11764705882352941,0.8
NGBoost,M75,75.0,0.12264181246973666,0.7616269965258998,0.43666075889337597,0.15985122855527262,0.6086956521739131,0.7009803921568628,0.6355555555555555,0.4797306535411539,0.5217391304347826,0.125,0.7924528301886793
NGBoost,M80,80.0,0.10711235715753657,0.7119021647940854,0.4064356956860334,0.1824793429004897,0.6304347826086957,0.7112068965517242,0.648888888888889,0.49508978675645343,0.5454545454545454,0.125,0.8148148148148148
NGBoost,M85,85.0,0.09429582089396701,0.6429048716164669,0.3618497455022825,0.1535772170241717,0.6739130434782609,0.7285714285714285,0.6933333333333334,0.5783168613357292,0.5714285714285714,0.3333333333333333,0.8301886792452831
NGBoost,M90,90.0,0.07798246913832575,0.5954720771202168,0.3311843821296613,0.15992953586560443,0.717391304347826,0.7538461538461538,0.7200000000000001,0.6125465178096756,0.631578947368421,0.3333333333333333,0.8727272727272727
NGBoost,FT,90.5,0.06926138864316658,0.5605600661315938,0.302859168711274,0.15164269925169574,0.7608695652173914,0.7758620689655172,0.7644444444444444,0.6851851851851851,0.6666666666666666,0.5,0.8888888888888888
Frozen pre-match NGBoost,M00,0.0,0.21424943832334692,1.1060071309579604,0.6647512306345476,0.14699597693912475,0.5,0.2817204301075269,0.43333333333333335,0.3333333333333333,0.2857142857142857,0.0,0.7142857142857143
Frozen pre-match NGBoost,M05,5.0,0.21424943832334692,1.1060071309579604,0.6647512306345476,0.14699597693912475,0.5,0.2817204301075269,0.43333333333333335,0.3333333333333333,0.2857142857142857,0.0,0.7142857142857143
Frozen pre-match NGBoost,M10,10.0,0.21424943832334692,1.1060071309579604,0.6647512306345476,0.14699597693912475,0.5,0.2817204301075269,0.43333333333333335,0.3333333333333333,0.2857142857142857,0.0,0.7142857142857143
Frozen pre-match NGBoost,M15,15.0,0.21424943832334692,1.1060071309579604,0.6647512306345476,0.14699597693912475,0.5,0.2817204301075269,0.43333333333333335,0.3333333333333333,0.2857142857142857,0.0,0.7142857142857143
Frozen pre-match NGBoost,M20,20.0,0.21424943832334692,1.1060071309579604,0.6647512306345476,0.14699597693912475,0.5,0.2817204301075269,0.43333333333333335,0.3333333333333333,0.2857142857142857,0.0,0.7142857142857143
Frozen pre-match NGBoost,M25,25.0,0.21424943832334692,1.1060071309579604,0.6647512306345476,0.14699597693912475,0.5,0.2817204301075269,0.43333333333333335,0.3333333333333333,0.2857142857142857,0.0,0.7142857142857143
Frozen pre-match NGBoost,M30,30.0,0.21424943832334692,1.1060071309579604,0.6647512306345476,0.14699597693912475,0.5,0.2817204301075269,0.43333333333333335,0.3333333333333333,0.2857142857142857,0.0,0.7142857142857143
Frozen pre-match NGBoost,M35,35.0,0.21424943832334692,1.1060071309579604,0.6647512306345476,0.14699597693912475,0.5,0.2817204301075269,0.43333333333333335,0.3333333333333333,0.2857142857142857,0.0,0.7142857142857143
Frozen pre-match NGBoost,M40,40.0,0.21424943832334692,1.1060071309579604,0.6647512306345476,0.14699597693912475,0.5,0.2817204301075269,0.43333333333333335,0.3333333333333333,0.2857142857142857,0.0,0.7142857142857143
Frozen pre-match NGBoost,M45,45.0,0.21424943832334692,1.1060071309579604,0.6647512306345476,0.14699597693912475,0.5,0.2817204301075269,0.43333333333333335,0.3333333333333333,0.2857142857142857,0.0,0.7142857142857143
Frozen pre-match NGBoost,HT,45.5,0.21424943832334692,1.1060071309579604,0.6647512306345476,0.14699597693912475,0.5,0.2817204301075269,0.43333333333333335,0.3333333333333333,0.2857142857142857,0.0,0.7142857142857143
Frozen pre-match NGBoost,M50,50.0,0.21424943832334692,1.1060071309579604,0.6647512306345476,0.14699597693912475,0.5,0.2817204301075269,0.43333333333333335,0.3333333333333333,0.2857142857142857,0.0,0.7142857142857143
Frozen pre-match NGBoost,M55,55.0,0.21424943832334692,1.1060071309579604,0.6647512306345476,0.14699597693912475,0.5,0.2817204301075269,0.43333333333333335,0.3333333333333333,0.2857142857142857,0.0,0.7142857142857143
Frozen pre-match NGBoost,M60,60.0,0.21424943832334692,1.1060071309579604,0.6647512306345476,0.14699597693912475,0.5,0.2817204301075269,0.43333333333333335,0.3333333333333333,0.2857142857142857,0.0,0.7142857142857143
Frozen pre-match NGBoost,M65,65.0,0.21424943832334692,1.1060071309579604,0.6647512306345476,0.14699597693912475,0.5,0.2817204301075269,0.43333333333333335,0.3333333333333333,0.2857142857142857,0.0,0.7142857142857143
Frozen pre-match NGBoost,M70,70.0,0.21424943832334692,1.1060071309579604,0.6647512306345476,0.14699597693912475,0.5,0.2817204301075269,0.43333333333333335,0.3333333333333333,0.2857142857142857,0.0,0.7142857142857143
Frozen pre-match NGBoost,M75,75.0,0.21424943832334692,1.1060071309579604,0.6647512306345476,0.14699597693912475,0.5,0.2817204301075269,0.43333333333333335,0.3333333333333333,0.2857142857142857,0.0,0.7142857142857143
Frozen pre-match NGBoost,M80,80.0,0.21424943832334692,1.1060071309579604,0.6647512306345476,0.14699597693912475,0.5,0.2817204301075269,0.43333333333333335,0.3333333333333333,0.2857142857142857,0.0,0.7142857142857143
Frozen pre-match NGBoost,M85,85.0,0.21424943832334692,1.1060071309579604,0.6647512306345476,0.14699597693912475,0.5,0.2817204301075269,0.43333333333333335,0.3333333333333333,0.2857142857142857,0.0,0.7142857142857143
Frozen pre-match NGBoost,M90,90.0,0.21424943832334692,1.1060071309579604,0.6647512306345476,0.14699597693912475,0.5,0.2817204301075269,0.43333333333333335,0.3333333333333333,0.2857142857142857,0.0,0.7142857142857143
Frozen pre-match NGBoost,FT,90.5,0.21424943832334692,1.1060071309579604,0.6647512306345476,0.14699597693912475,0.5,0.2817204301075269,0.43333333333333335,0.3333333333333333,0.2857142857142857,0.0,0.7142857142857143
