name,path,bytes,sha256
p1_berrar_module,/content/drive/MyDrive/ml_project/code/data_pipeline/extracted/md1_data_pipeline_code/md1_data_pipeline/p1_berrar.py,75433,3dee0a8993c8aba8dd967dabbb52641bf7d859232f7be984cf7b5c81ad4aa588
workflow_module,/content/drive/MyDrive/ml_project/code/data_pipeline/extracted/md1_data_pipeline_code/md1_data_pipeline/workflow.py,7377,dbf0172e9e2843e457a76c5b8baf463318eb498294eac1bd01a5a159f0adba0f
requirements,/content/drive/MyDrive/ml_project/code/data_pipeline/extracted/md1_data_pipeline_code/requirements_colab.txt,132,f188ba576a74fff4da5b4201301bd70e8e908cf7670cedfc5a26c917566f3ca7
p1_target_statsbomb,/content/drive/MyDrive/ml_project/code/data_pipeline/extracted/md1_data_pipeline_code/colab_results/EPL_2000_01_2015_16_Berrar_P1_HYBRID_REAL/data/silver/p1_target_statsbomb_matches.parquet,25894,facdac05aff3dfbb378de566dc602ee1943f5bbe802103c70e6bbb7b724a9108
p1_superleague_selected,/content/drive/MyDrive/ml_project/code/data_pipeline/extracted/md1_data_pipeline_code/colab_results/EPL_2000_01_2015_16_Berrar_P1_HYBRID_REAL/data/gold/p1_features_total_selected.parquet,29980,941d42742e420d7901ae988489e60d805fe74e6af61a03e4f01a6d5f41c510af
p1_split,/content/drive/MyDrive/ml_project/code/data_pipeline/extracted/md1_data_pipeline_code/colab_results/EPL_2000_01_2015_16_Berrar_P1_HYBRID_REAL/data/gold/p1_split_manifest.csv,15207,f3439213b68d5d79d54b065992027fafb62fcd858d31f21f3cea9f41cbd6d8ab
p1_summary,/content/drive/MyDrive/ml_project/code/data_pipeline/extracted/md1_data_pipeline_code/colab_results/EPL_2000_01_2015_16_Berrar_P1_HYBRID_REAL/audit/p1_run_summary.json,1354,36bdfec4d3a24e0d8b93328e8ee7b407711ebdd3635f3b81db2b62376ee9b56a
p1_selected_recency,/content/drive/MyDrive/ml_project/code/data_pipeline/extracted/md1_data_pipeline_code/colab_results/EPL_2000_01_2015_16_Berrar_P1_HYBRID_REAL/audit/p1_selected_recency.json,206,3b4c88fd23d1e300292978d3475b5129aa76f4c075e3edd40e37db33a350575d
p1_readiness,/content/drive/MyDrive/ml_project/code/data_pipeline/extracted/md1_data_pipeline_code/colab_results/EPL_2000_01_2015_16_Berrar_P1_HYBRID_REAL/audit/p1_readiness.csv,1017,8aa9a23fad20987f770f1014a68c351627de32f2b9edef8801f3168056b73722
p1_leakage,/content/drive/MyDrive/ml_project/code/data_pipeline/extracted/md1_data_pipeline_code/colab_results/EPL_2000_01_2015_16_Berrar_P1_HYBRID_REAL/audit/p1_leakage_tests.csv,1380,3da4e555ceb06380f24e050f4fcc37eda9c1777aa1440c302be130846a6468aa
exp01_freeze,/content/drive/MyDrive/ml_project/code/data_pipeline/results/EXP01_P1_REPRESENTATION_TASK_C/audit/FROZEN_BEFORE_TEST.json,19687,3bf9db822250e3fa3164eec14a3738fef9f823a51dbd251508f6fc2741ad71ee
exp01_readiness,/content/drive/MyDrive/ml_project/code/data_pipeline/results/EXP01_P1_REPRESENTATION_TASK_C/audit/exp01_readiness.csv,722,da28c24ab75dc461840ae1bb56b4aa4b8f5217b583816b3343cbf5b147dbecd4
