Method,n,TrainSeconds,PeakDeltaMB,DenseGramTheoreticalMB
Exact SVC,40,0.008035526999947251,0.00390625,0.01220703125
Exact Kernel Ridge,40,0.006306947999974,0.00390625,0.01220703125
Nystroem + Ridge,40,0.008819402999961312,0.00390625,0.01220703125
Exact SVC,80,0.007975453999961246,0.00390625,0.048828125
Exact Kernel Ridge,80,0.0068892900001173984,0.00390625,0.048828125
Nystroem + Ridge,80,0.07572791999996298,0.00390625,0.048828125
Exact SVC,120,0.025694484000041484,0.00390625,0.10986328125
Exact Kernel Ridge,120,0.02146342499986531,0.00390625,0.10986328125
Nystroem + Ridge,120,0.11737009500006934,0.0390625,0.10986328125
Exact SVC,180,0.03602527300017755,0.00390625,0.2471923828125
Exact Kernel Ridge,180,0.022359232000098928,0.24609375,0.2471923828125
Nystroem + Ridge,180,0.10252852400003576,0.07421875,0.2471923828125
Exact SVC,251,0.052752662000102646,0.00390625,0.48065948486328125
Exact Kernel Ridge,251,0.043352925000135656,0.00390625,0.48065948486328125
Nystroem + Ridge,251,0.13849983499994778,0.00390625,0.48065948486328125
