Model,Phase,Rows,Matches,ECE,RPS,LogLoss,Brier
Dummy,0–15,184,46,0.12791709995976858,0.21041728946343397,1.0751347313783655,0.6468779640256482
Dummy,15–30,138,46,0.1279170999597687,0.21041728946343397,1.0751347313783655,0.6468779640256482
Dummy,30–45/HT,184,46,0.12791709995976858,0.21041728946343397,1.0751347313783655,0.6468779640256482
Dummy,HT–60,138,46,0.1279170999597687,0.21041728946343397,1.0751347313783655,0.6468779640256482
Dummy,60–75,138,46,0.1279170999597687,0.21041728946343397,1.0751347313783655,0.6468779640256482
Dummy,75–FT,184,46,0.12791709995976858,0.21041728946343397,1.0751347313783655,0.6468779640256482
Random Forest,0–15,184,46,0.21344867182997213,0.22225855071069844,1.1417416102985414,0.6847878590550774
Random Forest,15–30,138,46,0.17988230280483872,0.21773764249736727,1.1424328180085197,0.6860376122867328
Random Forest,30–45/HT,184,46,0.22838455211637182,0.20296266352389442,1.0910946506715893,0.6564976872832152
Random Forest,HT–60,138,46,0.17308312010133822,0.18913771758482203,1.0299580787026439,0.6216910162331551
Random Forest,60–75,138,46,0.1212863492546373,0.16845778999617209,0.9461158974139239,0.5712338156437499
Random Forest,75–FT,184,46,0.12026601446247871,0.14470224006445143,0.8547883188592889,0.5125709981654765
GBM,0–15,184,46,0.23754539953856224,0.24726035971209032,1.2031741568979195,0.7290487942041927
GBM,15–30,138,46,0.23026738992745782,0.23361623925635058,1.1528916034360042,0.7021717238029207
GBM,30–45/HT,184,46,0.18067803406517263,0.2132669064751494,1.0929033297333197,0.6608950194268008
GBM,HT–60,138,46,0.14463667391464777,0.19837732283651535,1.0392150985812336,0.6276515764267578
GBM,60–75,138,46,0.11660728544963575,0.17645581947842842,0.9605182695674701,0.5779157477365651
GBM,75–FT,184,46,0.1840266566594561,0.1457387803141927,0.8427814738242136,0.5032796316495542
XGBoost,0–15,184,46,0.16200547820919253,0.24042555413601868,1.180817985854752,0.7103065239703232
XGBoost,15–30,138,46,0.19085124322258284,0.22976059476913174,1.138651435945947,0.6928725806839982
XGBoost,30–45/HT,184,46,0.15884708356789462,0.20371423408971961,1.055978097437997,0.6412194715134423
XGBoost,HT–60,138,46,0.17255480648219437,0.1899472868880653,0.9951574899893554,0.6075941329393894
XGBoost,60–75,138,46,0.12293325731630396,0.1631795870766553,0.8863772179464184,0.5397033950617494
XGBoost,75–FT,184,46,0.06280963689744205,0.11539192896365429,0.7100009731706246,0.4212956516480277
LightGBM,0–15,184,46,0.14594521233742108,0.23165827403288927,1.1424585083334697,0.6883201961156201
LightGBM,15–30,138,46,0.2417013047760056,0.22121750822766223,1.092603154791704,0.6676231497245579
LightGBM,30–45/HT,184,46,0.15680253495666363,0.201534706443971,1.034625866099545,0.6316761312920537
LightGBM,HT–60,138,46,0.17350387348848706,0.18883116489166035,0.9813336389795349,0.6018551133519485
LightGBM,60–75,138,46,0.16680882263095473,0.1653862909943165,0.8896683143799181,0.5421016755406605
LightGBM,75–FT,184,46,0.1337087348382553,0.12385099758869035,0.7352489648438253,0.4365417613172617
NGBoost,0–15,184,46,0.11817108694167272,0.20260605350479094,1.038527756600542,0.6306222325480718
NGBoost,15–30,138,46,0.12903689216952188,0.19354059701205895,1.0288685777297182,0.6111845376547062
NGBoost,30–45/HT,184,46,0.14499602157494337,0.18049925789725577,0.978570903875221,0.5852711725416029
NGBoost,HT–60,138,46,0.1071296869242653,0.15794063196093194,0.8876754330959228,0.5364014118636697
NGBoost,60–75,138,46,0.11916163153757971,0.13244721817008032,0.7965652473262158,0.4679088673113378
NGBoost,75–FT,184,46,0.15732087849603607,0.08716300895824898,0.6277097949155908,0.35058224800731275
