Task,Model,Candidate,validation_RPS,TrainSeconds,PeakRSSMB,PeakDeltaMB,Parameters,Selected,validation_RMSE
C,Dummy,1,0.23374469215805072,0.018474215999958687,774.17578125,0.921875,"{'memory': None, 'steps': [('prep', SimpleImputer(add_indicator=True, strategy='median')), ('model', DummyClassifier())], 'transform_input': None, 'verbose': False, 'prep': SimpleImputer(add_indicator=True, strategy='median'), 'model': DummyClassifier(), 'prep__add_indicator': True, 'prep__copy': True, 'prep__fill_value': None, 'prep__keep_empty_features': False, 'prep__missing_values': nan, 'prep__strategy': 'median', 'model__constant': None, 'model__random_state': None, 'model__strategy': 'prior'}",True,
C,SVC-RBF,1,0.22616547050616578,0.1484640749999926,776.01171875,0.96875,"{'memory': None, 'steps': [('prep', Pipeline(steps=[('imputer',
                 SimpleImputer(add_indicator=True, strategy='median')),
                ('scaler', StandardScaler())])), ('model', SVC(C=0.5, probability=True, random_state=42))], 'transform_input': None, 'verbose': False, 'prep': Pipeline(steps=[('imputer',
                 SimpleImputer(add_indicator=True, strategy='median')),
                ('scaler', StandardScaler())]), 'model': SVC(C=0.5, probability=True, random_state=42), 'prep__memory': None, 'prep__steps': [('imputer', SimpleImputer(add_indicator=True, strategy='median')), ('scaler', StandardScaler())], 'prep__transform_input': None, 'prep__verbose': False, 'prep__imputer': SimpleImputer(add_indicator=True, strategy='median'), 'prep__scaler': StandardScaler(), 'prep__imputer__add_indicator': True, 'prep__imputer__copy': True, 'prep__imputer__fill_value': None, 'prep__imputer__keep_empty_features': False, 'prep__imputer__missing_values': nan, 'prep__imputer__strategy': 'median', 'prep__scaler__copy': True, 'prep__scaler__with_mean': True, 'prep__scaler__with_std': True, 'model__C': 0.5, 'model__break_ties': False, 'model__cache_size': 200, 'model__class_weight': None, 'model__coef0': 0.0, 'model__decision_function_shape': 'ovr', 'model__degree': 3, 'model__gamma': 'scale', 'model__kernel': 'rbf', 'model__max_iter': -1, 'model__probability': True, 'model__random_state': 42, 'model__shrinking': True, 'model__tol': 0.001, 'model__verbose': False}",True,
C,SVC-RBF,2,0.22798116917177758,0.09106147400007103,776.5078125,0.49609375,"{'memory': None, 'steps': [('prep', Pipeline(steps=[('imputer',
                 SimpleImputer(add_indicator=True, strategy='median')),
                ('scaler', StandardScaler())])), ('model', SVC(probability=True, random_state=42))], 'transform_input': None, 'verbose': False, 'prep': Pipeline(steps=[('imputer',
                 SimpleImputer(add_indicator=True, strategy='median')),
                ('scaler', StandardScaler())]), 'model': SVC(probability=True, random_state=42), 'prep__memory': None, 'prep__steps': [('imputer', SimpleImputer(add_indicator=True, strategy='median')), ('scaler', StandardScaler())], 'prep__transform_input': None, 'prep__verbose': False, 'prep__imputer': SimpleImputer(add_indicator=True, strategy='median'), 'prep__scaler': StandardScaler(), 'prep__imputer__add_indicator': True, 'prep__imputer__copy': True, 'prep__imputer__fill_value': None, 'prep__imputer__keep_empty_features': False, 'prep__imputer__missing_values': nan, 'prep__imputer__strategy': 'median', 'prep__scaler__copy': True, 'prep__scaler__with_mean': True, 'prep__scaler__with_std': True, 'model__C': 1.0, 'model__break_ties': False, 'model__cache_size': 200, 'model__class_weight': None, 'model__coef0': 0.0, 'model__decision_function_shape': 'ovr', 'model__degree': 3, 'model__gamma': 'scale', 'model__kernel': 'rbf', 'model__max_iter': -1, 'model__probability': True, 'model__random_state': 42, 'model__shrinking': True, 'model__tol': 0.001, 'model__verbose': False}",False,
C,Random Forest,1,0.21205265286069033,0.9927387200000339,780.02734375,3.5234375,"{'memory': None, 'steps': [('prep', SimpleImputer(add_indicator=True, strategy='median')), ('model', RandomForestClassifier(min_samples_leaf=4, n_estimators=250, n_jobs=-1,
                       random_state=42))], 'transform_input': None, 'verbose': False, 'prep': SimpleImputer(add_indicator=True, strategy='median'), 'model': RandomForestClassifier(min_samples_leaf=4, n_estimators=250, n_jobs=-1,
                       random_state=42), 'prep__add_indicator': True, 'prep__copy': True, 'prep__fill_value': None, 'prep__keep_empty_features': False, 'prep__missing_values': nan, 'prep__strategy': 'median', 'model__bootstrap': True, 'model__ccp_alpha': 0.0, 'model__class_weight': None, 'model__criterion': 'gini', 'model__max_depth': None, 'model__max_features': 'sqrt', 'model__max_leaf_nodes': None, 'model__max_samples': None, 'model__min_impurity_decrease': 0.0, 'model__min_samples_leaf': 4, 'model__min_samples_split': 2, 'model__min_weight_fraction_leaf': 0.0, 'model__monotonic_cst': None, 'model__n_estimators': 250, 'model__n_jobs': -1, 'model__oob_score': False, 'model__random_state': 42, 'model__verbose': 0, 'model__warm_start': False}",True,
C,Random Forest,2,0.21304405818993058,1.525635439000098,782.9140625,3.31640625,"{'memory': None, 'steps': [('prep', SimpleImputer(add_indicator=True, strategy='median')), ('model', RandomForestClassifier(max_depth=8, min_samples_leaf=3, n_estimators=400,
                       n_jobs=-1, random_state=42))], 'transform_input': None, 'verbose': False, 'prep': SimpleImputer(add_indicator=True, strategy='median'), 'model': RandomForestClassifier(max_depth=8, min_samples_leaf=3, n_estimators=400,
                       n_jobs=-1, random_state=42), 'prep__add_indicator': True, 'prep__copy': True, 'prep__fill_value': None, 'prep__keep_empty_features': False, 'prep__missing_values': nan, 'prep__strategy': 'median', 'model__bootstrap': True, 'model__ccp_alpha': 0.0, 'model__class_weight': None, 'model__criterion': 'gini', 'model__max_depth': 8, 'model__max_features': 'sqrt', 'model__max_leaf_nodes': None, 'model__max_samples': None, 'model__min_impurity_decrease': 0.0, 'model__min_samples_leaf': 3, 'model__min_samples_split': 2, 'model__min_weight_fraction_leaf': 0.0, 'model__monotonic_cst': None, 'model__n_estimators': 400, 'model__n_jobs': -1, 'model__oob_score': False, 'model__random_state': 42, 'model__verbose': 0, 'model__warm_start': False}",False,
C,GBM,1,0.2527355835662302,6.792787384999883,782.80859375,0.2578125,"{'memory': None, 'steps': [('prep', SimpleImputer(add_indicator=True, strategy='median')), ('model', GradientBoostingClassifier(learning_rate=0.03, max_depth=2, min_samples_leaf=8,
                           n_estimators=250, random_state=42))], 'transform_input': None, 'verbose': False, 'prep': SimpleImputer(add_indicator=True, strategy='median'), 'model': GradientBoostingClassifier(learning_rate=0.03, max_depth=2, min_samples_leaf=8,
                           n_estimators=250, random_state=42), 'prep__add_indicator': True, 'prep__copy': True, 'prep__fill_value': None, 'prep__keep_empty_features': False, 'prep__missing_values': nan, 'prep__strategy': 'median', 'model__ccp_alpha': 0.0, 'model__criterion': 'friedman_mse', 'model__init': None, 'model__learning_rate': 0.03, 'model__loss': 'log_loss', 'model__max_depth': 2, 'model__max_features': None, 'model__max_leaf_nodes': None, 'model__min_impurity_decrease': 0.0, 'model__min_samples_leaf': 8, 'model__min_samples_split': 2, 'model__min_weight_fraction_leaf': 0.0, 'model__n_estimators': 250, 'model__n_iter_no_change': None, 'model__random_state': 42, 'model__subsample': 1.0, 'model__tol': 0.0001, 'model__validation_fraction': 0.1, 'model__verbose': 0, 'model__warm_start': False}",True,
C,GBM,2,0.30914965993825233,15.653564197999913,785.28515625,2.48046875,"{'memory': None, 'steps': [('prep', SimpleImputer(add_indicator=True, strategy='median')), ('model', GradientBoostingClassifier(learning_rate=0.05, min_samples_leaf=6,
                           n_estimators=400, random_state=42))], 'transform_input': None, 'verbose': False, 'prep': SimpleImputer(add_indicator=True, strategy='median'), 'model': GradientBoostingClassifier(learning_rate=0.05, min_samples_leaf=6,
                           n_estimators=400, random_state=42), 'prep__add_indicator': True, 'prep__copy': True, 'prep__fill_value': None, 'prep__keep_empty_features': False, 'prep__missing_values': nan, 'prep__strategy': 'median', 'model__ccp_alpha': 0.0, 'model__criterion': 'friedman_mse', 'model__init': None, 'model__learning_rate': 0.05, 'model__loss': 'log_loss', 'model__max_depth': 3, 'model__max_features': None, 'model__max_leaf_nodes': None, 'model__min_impurity_decrease': 0.0, 'model__min_samples_leaf': 6, 'model__min_samples_split': 2, 'model__min_weight_fraction_leaf': 0.0, 'model__n_estimators': 400, 'model__n_iter_no_change': None, 'model__random_state': 42, 'model__subsample': 1.0, 'model__tol': 0.0001, 'model__validation_fraction': 0.1, 'model__verbose': 0, 'model__warm_start': False}",False,
C,XGBoost,1,0.23086874718005806,114.139209832,886.58203125,101.30078125,"{'memory': None, 'steps': [('prep', SimpleImputer(add_indicator=True, strategy='median')), ('model', XGBClassifier(base_score=None, booster=None, callbacks=None,
              colsample_bylevel=None, colsample_bynode=None,
              colsample_bytree=0.8, device=None, early_stopping_rounds=None,
              enable_categorical=False, eval_metric='mlogloss',
              feature_types=None, feature_weights=None, gamma=None,
              grow_policy=None, importance_type=None,
              interaction_constraints=None, learning_rate=0.03, max_bin=None,
              max_cat_threshold=None, max_cat_to_onehot=None,
              max_delta_step=None, max_depth=2, max_leaves=None,
              min_child_weight=8, missing=nan, monotone_constraints=None,
              multi_strategy=None, n_estimators=250, n_jobs=-1,
              num_parallel_tree=None, ...))], 'transform_input': None, 'verbose': False, 'prep': SimpleImputer(add_indicator=True, strategy='median'), 'model': XGBClassifier(base_score=None, booster=None, callbacks=None,
              colsample_bylevel=None, colsample_bynode=None,
              colsample_bytree=0.8, device=None, early_stopping_rounds=None,
              enable_categorical=False, eval_metric='mlogloss',
              feature_types=None, feature_weights=None, gamma=None,
              grow_policy=None, importance_type=None,
              interaction_constraints=None, learning_rate=0.03, max_bin=None,
              max_cat_threshold=None, max_cat_to_onehot=None,
              max_delta_step=None, max_depth=2, max_leaves=None,
              min_child_weight=8, missing=nan, monotone_constraints=None,
              multi_strategy=None, n_estimators=250, n_jobs=-1,
              num_parallel_tree=None, ...), 'prep__add_indicator': True, 'prep__copy': True, 'prep__fill_value': None, 'prep__keep_empty_features': False, 'prep__missing_values': nan, 'prep__strategy': 'median', 'model__objective': 'multi:softprob', 'model__base_score': None, 'model__booster': None, 'model__callbacks': None, 'model__colsample_bylevel': None, 'model__colsample_bynode': None, 'model__colsample_bytree': 0.8, 'model__device': None, 'model__early_stopping_rounds': None, 'model__enable_categorical': False, 'model__eval_metric': 'mlogloss', 'model__feature_types': None, 'model__feature_weights': None, 'model__gamma': None, 'model__grow_policy': None, 'model__importance_type': None, 'model__interaction_constraints': None, 'model__learning_rate': 0.03, 'model__max_bin': None, 'model__max_cat_threshold': None, 'model__max_cat_to_onehot': None, 'model__max_delta_step': None, 'model__max_depth': 2, 'model__max_leaves': None, 'model__min_child_weight': 8, 'model__missing': nan, 'model__monotone_constraints': None, 'model__multi_strategy': None, 'model__n_estimators': 250, 'model__n_jobs': -1, 'model__num_parallel_tree': None, 'model__random_state': 42, 'model__reg_alpha': None, 'model__reg_lambda': 2.0, 'model__sampling_method': None, 'model__scale_pos_weight': None, 'model__subsample': 0.8, 'model__tree_method': 'hist', 'model__validate_parameters': None, 'model__verbosity': None}",True,
C,XGBoost,2,0.2627018166087037,234.18328130600003,892.390625,5.6875,"{'memory': None, 'steps': [('prep', SimpleImputer(add_indicator=True, strategy='median')), ('model', XGBClassifier(base_score=None, booster=None, callbacks=None,
              colsample_bylevel=None, colsample_bynode=None,
              colsample_bytree=0.8, device=None, early_stopping_rounds=None,
              enable_categorical=False, eval_metric='mlogloss',
              feature_types=None, feature_weights=None, gamma=None,
              grow_policy=None, importance_type=None,
              interaction_constraints=None, learning_rate=0.05, max_bin=None,
              max_cat_threshold=None, max_cat_to_onehot=None,
              max_delta_step=None, max_depth=3, max_leaves=None,
              min_child_weight=5, missing=nan, monotone_constraints=None,
              multi_strategy=None, n_estimators=400, n_jobs=-1,
              num_parallel_tree=None, ...))], 'transform_input': None, 'verbose': False, 'prep': SimpleImputer(add_indicator=True, strategy='median'), 'model': XGBClassifier(base_score=None, booster=None, callbacks=None,
              colsample_bylevel=None, colsample_bynode=None,
              colsample_bytree=0.8, device=None, early_stopping_rounds=None,
              enable_categorical=False, eval_metric='mlogloss',
              feature_types=None, feature_weights=None, gamma=None,
              grow_policy=None, importance_type=None,
              interaction_constraints=None, learning_rate=0.05, max_bin=None,
              max_cat_threshold=None, max_cat_to_onehot=None,
              max_delta_step=None, max_depth=3, max_leaves=None,
              min_child_weight=5, missing=nan, monotone_constraints=None,
              multi_strategy=None, n_estimators=400, n_jobs=-1,
              num_parallel_tree=None, ...), 'prep__add_indicator': True, 'prep__copy': True, 'prep__fill_value': None, 'prep__keep_empty_features': False, 'prep__missing_values': nan, 'prep__strategy': 'median', 'model__objective': 'multi:softprob', 'model__base_score': None, 'model__booster': None, 'model__callbacks': None, 'model__colsample_bylevel': None, 'model__colsample_bynode': None, 'model__colsample_bytree': 0.8, 'model__device': None, 'model__early_stopping_rounds': None, 'model__enable_categorical': False, 'model__eval_metric': 'mlogloss', 'model__feature_types': None, 'model__feature_weights': None, 'model__gamma': None, 'model__grow_policy': None, 'model__importance_type': None, 'model__interaction_constraints': None, 'model__learning_rate': 0.05, 'model__max_bin': None, 'model__max_cat_threshold': None, 'model__max_cat_to_onehot': None, 'model__max_delta_step': None, 'model__max_depth': 3, 'model__max_leaves': None, 'model__min_child_weight': 5, 'model__missing': nan, 'model__monotone_constraints': None, 'model__multi_strategy': None, 'model__n_estimators': 400, 'model__n_jobs': -1, 'model__num_parallel_tree': None, 'model__random_state': 42, 'model__reg_alpha': None, 'model__reg_lambda': 2.0, 'model__sampling_method': None, 'model__scale_pos_weight': None, 'model__subsample': 0.8, 'model__tree_method': 'hist', 'model__validate_parameters': None, 'model__verbosity': None}",False,
C,LightGBM,1,0.2418828132167905,79.947634268,896.734375,4.34765625,"{'memory': None, 'steps': [('prep', SimpleImputer(add_indicator=True, strategy='median')), ('model', LGBMClassifier(colsample_bytree=0.8, learning_rate=0.03, max_depth=2,
               n_estimators=250, n_jobs=-1, num_leaves=7, random_state=42,
               reg_lambda=2.0, subsample=0.8, verbosity=-1))], 'transform_input': None, 'verbose': False, 'prep': SimpleImputer(add_indicator=True, strategy='median'), 'model': LGBMClassifier(colsample_bytree=0.8, learning_rate=0.03, max_depth=2,
               n_estimators=250, n_jobs=-1, num_leaves=7, random_state=42,
               reg_lambda=2.0, subsample=0.8, verbosity=-1), 'prep__add_indicator': True, 'prep__copy': True, 'prep__fill_value': None, 'prep__keep_empty_features': False, 'prep__missing_values': nan, 'prep__strategy': 'median', 'model__boosting_type': 'gbdt', 'model__class_weight': None, 'model__colsample_bytree': 0.8, 'model__importance_type': 'split', 'model__learning_rate': 0.03, 'model__max_depth': 2, 'model__min_child_samples': 20, 'model__min_child_weight': 0.001, 'model__min_split_gain': 0.0, 'model__n_estimators': 250, 'model__n_jobs': -1, 'model__num_leaves': 7, 'model__objective': None, 'model__random_state': 42, 'model__reg_alpha': 0.0, 'model__reg_lambda': 2.0, 'model__subsample': 0.8, 'model__subsample_for_bin': 200000, 'model__subsample_freq': 0, 'model__verbosity': -1}",True,
C,LightGBM,2,0.291186238844571,230.647652936,898.63671875,1.8671875,"{'memory': None, 'steps': [('prep', SimpleImputer(add_indicator=True, strategy='median')), ('model', LGBMClassifier(colsample_bytree=0.8, learning_rate=0.05, max_depth=3,
               min_child_samples=15, n_estimators=400, n_jobs=-1, num_leaves=15,
               random_state=42, reg_lambda=2.0, subsample=0.8, verbosity=-1))], 'transform_input': None, 'verbose': False, 'prep': SimpleImputer(add_indicator=True, strategy='median'), 'model': LGBMClassifier(colsample_bytree=0.8, learning_rate=0.05, max_depth=3,
               min_child_samples=15, n_estimators=400, n_jobs=-1, num_leaves=15,
               random_state=42, reg_lambda=2.0, subsample=0.8, verbosity=-1), 'prep__add_indicator': True, 'prep__copy': True, 'prep__fill_value': None, 'prep__keep_empty_features': False, 'prep__missing_values': nan, 'prep__strategy': 'median', 'model__boosting_type': 'gbdt', 'model__class_weight': None, 'model__colsample_bytree': 0.8, 'model__importance_type': 'split', 'model__learning_rate': 0.05, 'model__max_depth': 3, 'model__min_child_samples': 15, 'model__min_child_weight': 0.001, 'model__min_split_gain': 0.0, 'model__n_estimators': 400, 'model__n_jobs': -1, 'model__num_leaves': 15, 'model__objective': None, 'model__random_state': 42, 'model__reg_alpha': 0.0, 'model__reg_lambda': 2.0, 'model__subsample': 0.8, 'model__subsample_for_bin': 200000, 'model__subsample_freq': 0, 'model__verbosity': -1}",False,
C,NGBoost,1,0.2651980343824928,3.1663533819998975,898.859375,0.2265625,"{'memory': None, 'steps': [('prep', SimpleImputer(add_indicator=True, strategy='median')), ('model', NGBClassifier(Base=DecisionTreeRegressor(max_depth=2, min_samples_leaf=12,
                                         random_state=42),
              col_sample=0.8, learning_rate=0.02, minibatch_frac=0.8,
              n_estimators=250,
              random_state=RandomState(MT19937) at 0x79CD886A0040,
              verbose=False))], 'transform_input': None, 'verbose': False, 'prep': SimpleImputer(add_indicator=True, strategy='median'), 'model': NGBClassifier(Base=DecisionTreeRegressor(max_depth=2, min_samples_leaf=12,
                                         random_state=42),
              col_sample=0.8, learning_rate=0.02, minibatch_frac=0.8,
              n_estimators=250,
              random_state=RandomState(MT19937) at 0x79CD886A0040,
              verbose=False), 'prep__add_indicator': True, 'prep__copy': True, 'prep__fill_value': None, 'prep__keep_empty_features': False, 'prep__missing_values': nan, 'prep__strategy': 'median', 'model__Dist': <class 'ngboost.distns.categorical.k_categorical.<locals>.Categorical'>, 'model__Score': <class 'ngboost.scores.LogScore'>, 'model__Base': DecisionTreeRegressor(max_depth=2, min_samples_leaf=12, random_state=42), 'model__natural_gradient': True, 'model__n_estimators': 250, 'model__learning_rate': 0.02, 'model__minibatch_frac': 0.8, 'model__col_sample': 0.8, 'model__verbose': False, 'model__verbose_eval': 100, 'model__tol': 0.0001, 'model__random_state': RandomState(MT19937) at 0x79CD886A0040, 'model__validation_fraction': 0.1, 'model__early_stopping_rounds': None, 'model__Base__ccp_alpha': 0.0, 'model__Base__criterion': 'squared_error', 'model__Base__max_depth': 2, 'model__Base__max_features': None, 'model__Base__max_leaf_nodes': None, 'model__Base__min_impurity_decrease': 0.0, 'model__Base__min_samples_leaf': 12, 'model__Base__min_samples_split': 2, 'model__Base__min_weight_fraction_leaf': 0.0, 'model__Base__monotonic_cst': None, 'model__Base__random_state': 42, 'model__Base__splitter': 'best'}",True,
C,NGBoost,2,0.3082239820062653,7.1711150290000205,899.2109375,0.35546875,"{'memory': None, 'steps': [('prep', SimpleImputer(add_indicator=True, strategy='median')), ('model', NGBClassifier(Base=DecisionTreeRegressor(max_depth=3, min_samples_leaf=8,
                                         random_state=42),
              col_sample=0.8, learning_rate=0.03, minibatch_frac=0.8,
              n_estimators=400,
              random_state=RandomState(MT19937) at 0x79CD886A0140,
              verbose=False))], 'transform_input': None, 'verbose': False, 'prep': SimpleImputer(add_indicator=True, strategy='median'), 'model': NGBClassifier(Base=DecisionTreeRegressor(max_depth=3, min_samples_leaf=8,
                                         random_state=42),
              col_sample=0.8, learning_rate=0.03, minibatch_frac=0.8,
              n_estimators=400,
              random_state=RandomState(MT19937) at 0x79CD886A0140,
              verbose=False), 'prep__add_indicator': True, 'prep__copy': True, 'prep__fill_value': None, 'prep__keep_empty_features': False, 'prep__missing_values': nan, 'prep__strategy': 'median', 'model__Dist': <class 'ngboost.distns.categorical.k_categorical.<locals>.Categorical'>, 'model__Score': <class 'ngboost.scores.LogScore'>, 'model__Base': DecisionTreeRegressor(max_depth=3, min_samples_leaf=8, random_state=42), 'model__natural_gradient': True, 'model__n_estimators': 400, 'model__learning_rate': 0.03, 'model__minibatch_frac': 0.8, 'model__col_sample': 0.8, 'model__verbose': False, 'model__verbose_eval': 100, 'model__tol': 0.0001, 'model__random_state': RandomState(MT19937) at 0x79CD886A0140, 'model__validation_fraction': 0.1, 'model__early_stopping_rounds': None, 'model__Base__ccp_alpha': 0.0, 'model__Base__criterion': 'squared_error', 'model__Base__max_depth': 3, 'model__Base__max_features': None, 'model__Base__max_leaf_nodes': None, 'model__Base__min_impurity_decrease': 0.0, 'model__Base__min_samples_leaf': 8, 'model__Base__min_samples_split': 2, 'model__Base__min_weight_fraction_leaf': 0.0, 'model__Base__monotonic_cst': None, 'model__Base__random_state': 42, 'model__Base__splitter': 'best'}",False,
R,Dummy,1,,0.007410216000153014,950.38671875,0.00390625,"{'memory': None, 'steps': [('prep', SimpleImputer(add_indicator=True, strategy='median')), ('model', DummyRegressor())], 'transform_input': None, 'verbose': False, 'prep': SimpleImputer(add_indicator=True, strategy='median'), 'model': DummyRegressor(), 'prep__add_indicator': True, 'prep__copy': True, 'prep__fill_value': None, 'prep__keep_empty_features': False, 'prep__missing_values': nan, 'prep__strategy': 'median', 'model__constant': None, 'model__quantile': None, 'model__strategy': 'mean'}",True,1.7570270782666226
R,SVR-RBF,1,,0.015402821999941807,931.39453125,0.00390625,"{'memory': None, 'steps': [('prep', Pipeline(steps=[('imputer',
                 SimpleImputer(add_indicator=True, strategy='median')),
                ('scaler', StandardScaler())])), ('model', SVR(C=0.5, epsilon=0.2))], 'transform_input': None, 'verbose': False, 'prep': Pipeline(steps=[('imputer',
                 SimpleImputer(add_indicator=True, strategy='median')),
                ('scaler', StandardScaler())]), 'model': SVR(C=0.5, epsilon=0.2), 'prep__memory': None, 'prep__steps': [('imputer', SimpleImputer(add_indicator=True, strategy='median')), ('scaler', StandardScaler())], 'prep__transform_input': None, 'prep__verbose': False, 'prep__imputer': SimpleImputer(add_indicator=True, strategy='median'), 'prep__scaler': StandardScaler(), 'prep__imputer__add_indicator': True, 'prep__imputer__copy': True, 'prep__imputer__fill_value': None, 'prep__imputer__keep_empty_features': False, 'prep__imputer__missing_values': nan, 'prep__imputer__strategy': 'median', 'prep__scaler__copy': True, 'prep__scaler__with_mean': True, 'prep__scaler__with_std': True, 'model__C': 0.5, 'model__cache_size': 200, 'model__coef0': 0.0, 'model__degree': 3, 'model__epsilon': 0.2, 'model__gamma': 'scale', 'model__kernel': 'rbf', 'model__max_iter': -1, 'model__shrinking': True, 'model__tol': 0.001, 'model__verbose': False}",True,1.6323681539388348
R,SVR-RBF,2,,0.016629488999797104,931.39453125,0.00390625,"{'memory': None, 'steps': [('prep', Pipeline(steps=[('imputer',
                 SimpleImputer(add_indicator=True, strategy='median')),
                ('scaler', StandardScaler())])), ('model', SVR(epsilon=0.15))], 'transform_input': None, 'verbose': False, 'prep': Pipeline(steps=[('imputer',
                 SimpleImputer(add_indicator=True, strategy='median')),
                ('scaler', StandardScaler())]), 'model': SVR(epsilon=0.15), 'prep__memory': None, 'prep__steps': [('imputer', SimpleImputer(add_indicator=True, strategy='median')), ('scaler', StandardScaler())], 'prep__transform_input': None, 'prep__verbose': False, 'prep__imputer': SimpleImputer(add_indicator=True, strategy='median'), 'prep__scaler': StandardScaler(), 'prep__imputer__add_indicator': True, 'prep__imputer__copy': True, 'prep__imputer__fill_value': None, 'prep__imputer__keep_empty_features': False, 'prep__imputer__missing_values': nan, 'prep__imputer__strategy': 'median', 'prep__scaler__copy': True, 'prep__scaler__with_mean': True, 'prep__scaler__with_std': True, 'model__C': 1.0, 'model__cache_size': 200, 'model__coef0': 0.0, 'model__degree': 3, 'model__epsilon': 0.15, 'model__gamma': 'scale', 'model__kernel': 'rbf', 'model__max_iter': -1, 'model__shrinking': True, 'model__tol': 0.001, 'model__verbose': False}",False,1.6632887589735295
R,Kernel Ridge exact,1,,0.015447620000031748,934.05859375,2.66796875,"{'memory': None, 'steps': [('prep', Pipeline(steps=[('imputer',
                 SimpleImputer(add_indicator=True, strategy='median')),
                ('scaler', StandardScaler())])), ('model', KernelRidge(alpha=1.0, gamma=0.01, kernel='rbf'))], 'transform_input': None, 'verbose': False, 'prep': Pipeline(steps=[('imputer',
                 SimpleImputer(add_indicator=True, strategy='median')),
                ('scaler', StandardScaler())]), 'model': KernelRidge(alpha=1.0, gamma=0.01, kernel='rbf'), 'prep__memory': None, 'prep__steps': [('imputer', SimpleImputer(add_indicator=True, strategy='median')), ('scaler', StandardScaler())], 'prep__transform_input': None, 'prep__verbose': False, 'prep__imputer': SimpleImputer(add_indicator=True, strategy='median'), 'prep__scaler': StandardScaler(), 'prep__imputer__add_indicator': True, 'prep__imputer__copy': True, 'prep__imputer__fill_value': None, 'prep__imputer__keep_empty_features': False, 'prep__imputer__missing_values': nan, 'prep__imputer__strategy': 'median', 'prep__scaler__copy': True, 'prep__scaler__with_mean': True, 'prep__scaler__with_std': True, 'model__alpha': 1.0, 'model__coef0': 1, 'model__degree': 3, 'model__gamma': 0.01, 'model__kernel': 'rbf', 'model__kernel_params': None}",True,1.667053865642018
R,Kernel Ridge exact,2,,0.012058616000103939,934.32421875,0.00390625,"{'memory': None, 'steps': [('prep', Pipeline(steps=[('imputer',
                 SimpleImputer(add_indicator=True, strategy='median')),
                ('scaler', StandardScaler())])), ('model', KernelRidge(alpha=0.5, gamma=0.01, kernel='rbf'))], 'transform_input': None, 'verbose': False, 'prep': Pipeline(steps=[('imputer',
                 SimpleImputer(add_indicator=True, strategy='median')),
                ('scaler', StandardScaler())]), 'model': KernelRidge(alpha=0.5, gamma=0.01, kernel='rbf'), 'prep__memory': None, 'prep__steps': [('imputer', SimpleImputer(add_indicator=True, strategy='median')), ('scaler', StandardScaler())], 'prep__transform_input': None, 'prep__verbose': False, 'prep__imputer': SimpleImputer(add_indicator=True, strategy='median'), 'prep__scaler': StandardScaler(), 'prep__imputer__add_indicator': True, 'prep__imputer__copy': True, 'prep__imputer__fill_value': None, 'prep__imputer__keep_empty_features': False, 'prep__imputer__missing_values': nan, 'prep__imputer__strategy': 'median', 'prep__scaler__copy': True, 'prep__scaler__with_mean': True, 'prep__scaler__with_std': True, 'model__alpha': 0.5, 'model__coef0': 1, 'model__degree': 3, 'model__gamma': 0.01, 'model__kernel': 'rbf', 'model__kernel_params': None}",False,1.6862249216915357
R,Kernel Ridge Nystroem,1,,0.17776948599998832,935.47265625,1.1328125,"{'memory': None, 'steps': [('prep', Pipeline(steps=[('imputer',
                 SimpleImputer(add_indicator=True, strategy='median')),
                ('scaler', StandardScaler())])), ('nystroem', Nystroem(gamma=0.01, n_components=80, random_state=42)), ('model', Ridge())], 'transform_input': None, 'verbose': False, 'prep': Pipeline(steps=[('imputer',
                 SimpleImputer(add_indicator=True, strategy='median')),
                ('scaler', StandardScaler())]), 'nystroem': Nystroem(gamma=0.01, n_components=80, random_state=42), 'model': Ridge(), 'prep__memory': None, 'prep__steps': [('imputer', SimpleImputer(add_indicator=True, strategy='median')), ('scaler', StandardScaler())], 'prep__transform_input': None, 'prep__verbose': False, 'prep__imputer': SimpleImputer(add_indicator=True, strategy='median'), 'prep__scaler': StandardScaler(), 'prep__imputer__add_indicator': True, 'prep__imputer__copy': True, 'prep__imputer__fill_value': None, 'prep__imputer__keep_empty_features': False, 'prep__imputer__missing_values': nan, 'prep__imputer__strategy': 'median', 'prep__scaler__copy': True, 'prep__scaler__with_mean': True, 'prep__scaler__with_std': True, 'nystroem__coef0': None, 'nystroem__degree': None, 'nystroem__gamma': 0.01, 'nystroem__kernel': 'rbf', 'nystroem__kernel_params': None, 'nystroem__n_components': 80, 'nystroem__n_jobs': None, 'nystroem__random_state': 42, 'model__alpha': 1.0, 'model__copy_X': True, 'model__fit_intercept': True, 'model__max_iter': None, 'model__positive': False, 'model__random_state': None, 'model__solver': 'auto', 'model__tol': 0.0001}",True,1.6476095736668852
R,Kernel Ridge Nystroem,2,,0.3271362739999404,935.79296875,0.32421875,"{'memory': None, 'steps': [('prep', Pipeline(steps=[('imputer',
                 SimpleImputer(add_indicator=True, strategy='median')),
                ('scaler', StandardScaler())])), ('nystroem', Nystroem(gamma=0.01, n_components=120, random_state=42)), ('model', Ridge(alpha=0.5))], 'transform_input': None, 'verbose': False, 'prep': Pipeline(steps=[('imputer',
                 SimpleImputer(add_indicator=True, strategy='median')),
                ('scaler', StandardScaler())]), 'nystroem': Nystroem(gamma=0.01, n_components=120, random_state=42), 'model': Ridge(alpha=0.5), 'prep__memory': None, 'prep__steps': [('imputer', SimpleImputer(add_indicator=True, strategy='median')), ('scaler', StandardScaler())], 'prep__transform_input': None, 'prep__verbose': False, 'prep__imputer': SimpleImputer(add_indicator=True, strategy='median'), 'prep__scaler': StandardScaler(), 'prep__imputer__add_indicator': True, 'prep__imputer__copy': True, 'prep__imputer__fill_value': None, 'prep__imputer__keep_empty_features': False, 'prep__imputer__missing_values': nan, 'prep__imputer__strategy': 'median', 'prep__scaler__copy': True, 'prep__scaler__with_mean': True, 'prep__scaler__with_std': True, 'nystroem__coef0': None, 'nystroem__degree': None, 'nystroem__gamma': 0.01, 'nystroem__kernel': 'rbf', 'nystroem__kernel_params': None, 'nystroem__n_components': 120, 'nystroem__n_jobs': None, 'nystroem__random_state': 42, 'model__alpha': 0.5, 'model__copy_X': True, 'model__fit_intercept': True, 'model__max_iter': None, 'model__positive': False, 'model__random_state': None, 'model__solver': 'auto', 'model__tol': 0.0001}",False,1.6704379960321172
R,Random Forest,1,,0.3298029500001576,937.14453125,1.35546875,"{'memory': None, 'steps': [('prep', SimpleImputer(add_indicator=True, strategy='median')), ('model', RandomForestRegressor(max_features='sqrt', min_samples_leaf=4, n_estimators=250,
                      n_jobs=-1, random_state=42))], 'transform_input': None, 'verbose': False, 'prep': SimpleImputer(add_indicator=True, strategy='median'), 'model': RandomForestRegressor(max_features='sqrt', min_samples_leaf=4, n_estimators=250,
                      n_jobs=-1, random_state=42), 'prep__add_indicator': True, 'prep__copy': True, 'prep__fill_value': None, 'prep__keep_empty_features': False, 'prep__missing_values': nan, 'prep__strategy': 'median', 'model__bootstrap': True, 'model__ccp_alpha': 0.0, 'model__criterion': 'squared_error', 'model__max_depth': None, 'model__max_features': 'sqrt', 'model__max_leaf_nodes': None, 'model__max_samples': None, 'model__min_impurity_decrease': 0.0, 'model__min_samples_leaf': 4, 'model__min_samples_split': 2, 'model__min_weight_fraction_leaf': 0.0, 'model__monotonic_cst': None, 'model__n_estimators': 250, 'model__n_jobs': -1, 'model__oob_score': False, 'model__random_state': 42, 'model__verbose': 0, 'model__warm_start': False}",True,1.5969071075584138
R,Random Forest,2,,0.5021982470000239,939.4453125,2.6796875,"{'memory': None, 'steps': [('prep', SimpleImputer(add_indicator=True, strategy='median')), ('model', RandomForestRegressor(max_depth=8, max_features='sqrt', min_samples_leaf=3,
                      n_estimators=400, n_jobs=-1, random_state=42))], 'transform_input': None, 'verbose': False, 'prep': SimpleImputer(add_indicator=True, strategy='median'), 'model': RandomForestRegressor(max_depth=8, max_features='sqrt', min_samples_leaf=3,
                      n_estimators=400, n_jobs=-1, random_state=42), 'prep__add_indicator': True, 'prep__copy': True, 'prep__fill_value': None, 'prep__keep_empty_features': False, 'prep__missing_values': nan, 'prep__strategy': 'median', 'model__bootstrap': True, 'model__ccp_alpha': 0.0, 'model__criterion': 'squared_error', 'model__max_depth': 8, 'model__max_features': 'sqrt', 'model__max_leaf_nodes': None, 'model__max_samples': None, 'model__min_impurity_decrease': 0.0, 'model__min_samples_leaf': 3, 'model__min_samples_split': 2, 'model__min_weight_fraction_leaf': 0.0, 'model__monotonic_cst': None, 'model__n_estimators': 400, 'model__n_jobs': -1, 'model__oob_score': False, 'model__random_state': 42, 'model__verbose': 0, 'model__warm_start': False}",False,1.6139256691237074
R,GBM,1,,1.9894764390001,939.3828125,0.25390625,"{'memory': None, 'steps': [('prep', SimpleImputer(add_indicator=True, strategy='median')), ('model', GradientBoostingRegressor(learning_rate=0.03, loss='huber', max_depth=2,
                          min_samples_leaf=8, n_estimators=250,
                          random_state=42))], 'transform_input': None, 'verbose': False, 'prep': SimpleImputer(add_indicator=True, strategy='median'), 'model': GradientBoostingRegressor(learning_rate=0.03, loss='huber', max_depth=2,
                          min_samples_leaf=8, n_estimators=250,
                          random_state=42), 'prep__add_indicator': True, 'prep__copy': True, 'prep__fill_value': None, 'prep__keep_empty_features': False, 'prep__missing_values': nan, 'prep__strategy': 'median', 'model__alpha': 0.9, 'model__ccp_alpha': 0.0, 'model__criterion': 'friedman_mse', 'model__init': None, 'model__learning_rate': 0.03, 'model__loss': 'huber', 'model__max_depth': 2, 'model__max_features': None, 'model__max_leaf_nodes': None, 'model__min_impurity_decrease': 0.0, 'model__min_samples_leaf': 8, 'model__min_samples_split': 2, 'model__min_weight_fraction_leaf': 0.0, 'model__n_estimators': 250, 'model__n_iter_no_change': None, 'model__random_state': 42, 'model__subsample': 1.0, 'model__tol': 0.0001, 'model__validation_fraction': 0.1, 'model__verbose': 0, 'model__warm_start': False}",True,1.744095729185663
R,GBM,2,,4.642487385000095,939.3828125,0.00390625,"{'memory': None, 'steps': [('prep', SimpleImputer(add_indicator=True, strategy='median')), ('model', GradientBoostingRegressor(learning_rate=0.05, loss='huber', min_samples_leaf=6,
                          n_estimators=400, random_state=42))], 'transform_input': None, 'verbose': False, 'prep': SimpleImputer(add_indicator=True, strategy='median'), 'model': GradientBoostingRegressor(learning_rate=0.05, loss='huber', min_samples_leaf=6,
                          n_estimators=400, random_state=42), 'prep__add_indicator': True, 'prep__copy': True, 'prep__fill_value': None, 'prep__keep_empty_features': False, 'prep__missing_values': nan, 'prep__strategy': 'median', 'model__alpha': 0.9, 'model__ccp_alpha': 0.0, 'model__criterion': 'friedman_mse', 'model__init': None, 'model__learning_rate': 0.05, 'model__loss': 'huber', 'model__max_depth': 3, 'model__max_features': None, 'model__max_leaf_nodes': None, 'model__min_impurity_decrease': 0.0, 'model__min_samples_leaf': 6, 'model__min_samples_split': 2, 'model__min_weight_fraction_leaf': 0.0, 'model__n_estimators': 400, 'model__n_iter_no_change': None, 'model__random_state': 42, 'model__subsample': 1.0, 'model__tol': 0.0001, 'model__validation_fraction': 0.1, 'model__verbose': 0, 'model__warm_start': False}",False,1.7727842679649741
R,XGBoost,1,,3.464279499999975,939.796875,0.41796875,"{'memory': None, 'steps': [('prep', SimpleImputer(add_indicator=True, strategy='median')), ('model', XGBRegressor(base_score=None, booster=None, callbacks=None,
             colsample_bylevel=None, colsample_bynode=None,
             colsample_bytree=0.8, device=None, early_stopping_rounds=None,
             enable_categorical=False, eval_metric='rmse', feature_types=None,
             feature_weights=None, gamma=None, grow_policy=None,
             importance_type=None, interaction_constraints=None,
             learning_rate=0.03, max_bin=None, max_cat_threshold=None,
             max_cat_to_onehot=None, max_delta_step=None, max_depth=2,
             max_leaves=None, min_child_weight=8, missing=nan,
             monotone_constraints=None, multi_strategy=None, n_estimators=250,
             n_jobs=-1, num_parallel_tree=None, ...))], 'transform_input': None, 'verbose': False, 'prep': SimpleImputer(add_indicator=True, strategy='median'), 'model': XGBRegressor(base_score=None, booster=None, callbacks=None,
             colsample_bylevel=None, colsample_bynode=None,
             colsample_bytree=0.8, device=None, early_stopping_rounds=None,
             enable_categorical=False, eval_metric='rmse', feature_types=None,
             feature_weights=None, gamma=None, grow_policy=None,
             importance_type=None, interaction_constraints=None,
             learning_rate=0.03, max_bin=None, max_cat_threshold=None,
             max_cat_to_onehot=None, max_delta_step=None, max_depth=2,
             max_leaves=None, min_child_weight=8, missing=nan,
             monotone_constraints=None, multi_strategy=None, n_estimators=250,
             n_jobs=-1, num_parallel_tree=None, ...), 'prep__add_indicator': True, 'prep__copy': True, 'prep__fill_value': None, 'prep__keep_empty_features': False, 'prep__missing_values': nan, 'prep__strategy': 'median', 'model__objective': 'reg:squarederror', 'model__base_score': None, 'model__booster': None, 'model__callbacks': None, 'model__colsample_bylevel': None, 'model__colsample_bynode': None, 'model__colsample_bytree': 0.8, 'model__device': None, 'model__early_stopping_rounds': None, 'model__enable_categorical': False, 'model__eval_metric': 'rmse', 'model__feature_types': None, 'model__feature_weights': None, 'model__gamma': None, 'model__grow_policy': None, 'model__importance_type': None, 'model__interaction_constraints': None, 'model__learning_rate': 0.03, 'model__max_bin': None, 'model__max_cat_threshold': None, 'model__max_cat_to_onehot': None, 'model__max_delta_step': None, 'model__max_depth': 2, 'model__max_leaves': None, 'model__min_child_weight': 8, 'model__missing': nan, 'model__monotone_constraints': None, 'model__multi_strategy': None, 'model__n_estimators': 250, 'model__n_jobs': -1, 'model__num_parallel_tree': None, 'model__random_state': 42, 'model__reg_alpha': None, 'model__reg_lambda': 2.0, 'model__sampling_method': None, 'model__scale_pos_weight': None, 'model__subsample': 0.8, 'model__tree_method': 'hist', 'model__validate_parameters': None, 'model__verbosity': None}",True,1.6759667304600536
R,XGBoost,2,,6.527485976000207,939.8359375,0.04296875,"{'memory': None, 'steps': [('prep', SimpleImputer(add_indicator=True, strategy='median')), ('model', XGBRegressor(base_score=None, booster=None, callbacks=None,
             colsample_bylevel=None, colsample_bynode=None,
             colsample_bytree=0.8, device=None, early_stopping_rounds=None,
             enable_categorical=False, eval_metric='rmse', feature_types=None,
             feature_weights=None, gamma=None, grow_policy=None,
             importance_type=None, interaction_constraints=None,
             learning_rate=0.05, max_bin=None, max_cat_threshold=None,
             max_cat_to_onehot=None, max_delta_step=None, max_depth=3,
             max_leaves=None, min_child_weight=5, missing=nan,
             monotone_constraints=None, multi_strategy=None, n_estimators=400,
             n_jobs=-1, num_parallel_tree=None, ...))], 'transform_input': None, 'verbose': False, 'prep': SimpleImputer(add_indicator=True, strategy='median'), 'model': XGBRegressor(base_score=None, booster=None, callbacks=None,
             colsample_bylevel=None, colsample_bynode=None,
             colsample_bytree=0.8, device=None, early_stopping_rounds=None,
             enable_categorical=False, eval_metric='rmse', feature_types=None,
             feature_weights=None, gamma=None, grow_policy=None,
             importance_type=None, interaction_constraints=None,
             learning_rate=0.05, max_bin=None, max_cat_threshold=None,
             max_cat_to_onehot=None, max_delta_step=None, max_depth=3,
             max_leaves=None, min_child_weight=5, missing=nan,
             monotone_constraints=None, multi_strategy=None, n_estimators=400,
             n_jobs=-1, num_parallel_tree=None, ...), 'prep__add_indicator': True, 'prep__copy': True, 'prep__fill_value': None, 'prep__keep_empty_features': False, 'prep__missing_values': nan, 'prep__strategy': 'median', 'model__objective': 'reg:squarederror', 'model__base_score': None, 'model__booster': None, 'model__callbacks': None, 'model__colsample_bylevel': None, 'model__colsample_bynode': None, 'model__colsample_bytree': 0.8, 'model__device': None, 'model__early_stopping_rounds': None, 'model__enable_categorical': False, 'model__eval_metric': 'rmse', 'model__feature_types': None, 'model__feature_weights': None, 'model__gamma': None, 'model__grow_policy': None, 'model__importance_type': None, 'model__interaction_constraints': None, 'model__learning_rate': 0.05, 'model__max_bin': None, 'model__max_cat_threshold': None, 'model__max_cat_to_onehot': None, 'model__max_delta_step': None, 'model__max_depth': 3, 'model__max_leaves': None, 'model__min_child_weight': 5, 'model__missing': nan, 'model__monotone_constraints': None, 'model__multi_strategy': None, 'model__n_estimators': 400, 'model__n_jobs': -1, 'model__num_parallel_tree': None, 'model__random_state': 42, 'model__reg_alpha': None, 'model__reg_lambda': 2.0, 'model__sampling_method': None, 'model__scale_pos_weight': None, 'model__subsample': 0.8, 'model__tree_method': 'hist', 'model__validate_parameters': None, 'model__verbosity': None}",False,1.6853098303884981
R,LightGBM,1,,7.408895655999913,940.04296875,0.2109375,"{'memory': None, 'steps': [('prep', SimpleImputer(add_indicator=True, strategy='median')), ('model', LGBMRegressor(colsample_bytree=0.8, learning_rate=0.03, max_depth=2,
              n_estimators=250, n_jobs=-1, num_leaves=7, random_state=42,
              reg_lambda=2.0, subsample=0.8, verbosity=-1))], 'transform_input': None, 'verbose': False, 'prep': SimpleImputer(add_indicator=True, strategy='median'), 'model': LGBMRegressor(colsample_bytree=0.8, learning_rate=0.03, max_depth=2,
              n_estimators=250, n_jobs=-1, num_leaves=7, random_state=42,
              reg_lambda=2.0, subsample=0.8, verbosity=-1), 'prep__add_indicator': True, 'prep__copy': True, 'prep__fill_value': None, 'prep__keep_empty_features': False, 'prep__missing_values': nan, 'prep__strategy': 'median', 'model__boosting_type': 'gbdt', 'model__class_weight': None, 'model__colsample_bytree': 0.8, 'model__importance_type': 'split', 'model__learning_rate': 0.03, 'model__max_depth': 2, 'model__min_child_samples': 20, 'model__min_child_weight': 0.001, 'model__min_split_gain': 0.0, 'model__n_estimators': 250, 'model__n_jobs': -1, 'model__num_leaves': 7, 'model__objective': None, 'model__random_state': 42, 'model__reg_alpha': 0.0, 'model__reg_lambda': 2.0, 'model__subsample': 0.8, 'model__subsample_for_bin': 200000, 'model__subsample_freq': 0, 'model__verbosity': -1}",True,1.6753927483872113
R,LightGBM,2,,0.9190210740000566,940.61328125,0.57421875,"{'memory': None, 'steps': [('prep', SimpleImputer(add_indicator=True, strategy='median')), ('model', LGBMRegressor(colsample_bytree=0.8, learning_rate=0.05, max_depth=3,
              min_child_samples=15, n_estimators=400, n_jobs=-1, num_leaves=15,
              random_state=42, reg_lambda=2.0, subsample=0.8, verbosity=-1))], 'transform_input': None, 'verbose': False, 'prep': SimpleImputer(add_indicator=True, strategy='median'), 'model': LGBMRegressor(colsample_bytree=0.8, learning_rate=0.05, max_depth=3,
              min_child_samples=15, n_estimators=400, n_jobs=-1, num_leaves=15,
              random_state=42, reg_lambda=2.0, subsample=0.8, verbosity=-1), 'prep__add_indicator': True, 'prep__copy': True, 'prep__fill_value': None, 'prep__keep_empty_features': False, 'prep__missing_values': nan, 'prep__strategy': 'median', 'model__boosting_type': 'gbdt', 'model__class_weight': None, 'model__colsample_bytree': 0.8, 'model__importance_type': 'split', 'model__learning_rate': 0.05, 'model__max_depth': 3, 'model__min_child_samples': 15, 'model__min_child_weight': 0.001, 'model__min_split_gain': 0.0, 'model__n_estimators': 400, 'model__n_jobs': -1, 'model__num_leaves': 15, 'model__objective': None, 'model__random_state': 42, 'model__reg_alpha': 0.0, 'model__reg_lambda': 2.0, 'model__subsample': 0.8, 'model__subsample_for_bin': 200000, 'model__subsample_freq': 0, 'model__verbosity': -1}",False,1.8054883606901362
R,NGBoost,1,,3.8427207899999303,940.61328125,0.00390625,"{'memory': None, 'steps': [('prep', SimpleImputer(add_indicator=True, strategy='median')), ('model', NGBRegressor(Base=DecisionTreeRegressor(max_depth=2, min_samples_leaf=12,
                                        random_state=42),
             col_sample=0.8, learning_rate=0.02, minibatch_frac=0.8,
             n_estimators=250,
             random_state=RandomState(MT19937) at 0x79CD886A1140,
             verbose=False))], 'transform_input': None, 'verbose': False, 'prep': SimpleImputer(add_indicator=True, strategy='median'), 'model': NGBRegressor(Base=DecisionTreeRegressor(max_depth=2, min_samples_leaf=12,
                                        random_state=42),
             col_sample=0.8, learning_rate=0.02, minibatch_frac=0.8,
             n_estimators=250,
             random_state=RandomState(MT19937) at 0x79CD886A1140,
             verbose=False), 'prep__add_indicator': True, 'prep__copy': True, 'prep__fill_value': None, 'prep__keep_empty_features': False, 'prep__missing_values': nan, 'prep__strategy': 'median', 'model__Dist': <class 'ngboost.distns.normal.Normal'>, 'model__Score': <class 'ngboost.scores.LogScore'>, 'model__Base': DecisionTreeRegressor(max_depth=2, min_samples_leaf=12, random_state=42), 'model__natural_gradient': True, 'model__n_estimators': 250, 'model__learning_rate': 0.02, 'model__minibatch_frac': 0.8, 'model__col_sample': 0.8, 'model__verbose': False, 'model__verbose_eval': 100, 'model__tol': 0.0001, 'model__random_state': RandomState(MT19937) at 0x79CD886A1140, 'model__validation_fraction': 0.1, 'model__early_stopping_rounds': None, 'model__Base__ccp_alpha': 0.0, 'model__Base__criterion': 'squared_error', 'model__Base__max_depth': 2, 'model__Base__max_features': None, 'model__Base__max_leaf_nodes': None, 'model__Base__min_impurity_decrease': 0.0, 'model__Base__min_samples_leaf': 12, 'model__Base__min_samples_split': 2, 'model__Base__min_weight_fraction_leaf': 0.0, 'model__Base__monotonic_cst': None, 'model__Base__random_state': 42, 'model__Base__splitter': 'best'}",True,1.673618591867798
R,NGBoost,2,,7.479280049999943,940.61328125,0.00390625,"{'memory': None, 'steps': [('prep', SimpleImputer(add_indicator=True, strategy='median')), ('model', NGBRegressor(Base=DecisionTreeRegressor(max_depth=3, min_samples_leaf=8,
                                        random_state=42),
             col_sample=0.8, learning_rate=0.03, minibatch_frac=0.8,
             n_estimators=400,
             random_state=RandomState(MT19937) at 0x79CD886A1440,
             verbose=False))], 'transform_input': None, 'verbose': False, 'prep': SimpleImputer(add_indicator=True, strategy='median'), 'model': NGBRegressor(Base=DecisionTreeRegressor(max_depth=3, min_samples_leaf=8,
                                        random_state=42),
             col_sample=0.8, learning_rate=0.03, minibatch_frac=0.8,
             n_estimators=400,
             random_state=RandomState(MT19937) at 0x79CD886A1440,
             verbose=False), 'prep__add_indicator': True, 'prep__copy': True, 'prep__fill_value': None, 'prep__keep_empty_features': False, 'prep__missing_values': nan, 'prep__strategy': 'median', 'model__Dist': <class 'ngboost.distns.normal.Normal'>, 'model__Score': <class 'ngboost.scores.LogScore'>, 'model__Base': DecisionTreeRegressor(max_depth=3, min_samples_leaf=8, random_state=42), 'model__natural_gradient': True, 'model__n_estimators': 400, 'model__learning_rate': 0.03, 'model__minibatch_frac': 0.8, 'model__col_sample': 0.8, 'model__verbose': False, 'model__verbose_eval': 100, 'model__tol': 0.0001, 'model__random_state': RandomState(MT19937) at 0x79CD886A1440, 'model__validation_fraction': 0.1, 'model__early_stopping_rounds': None, 'model__Base__ccp_alpha': 0.0, 'model__Base__criterion': 'squared_error', 'model__Base__max_depth': 3, 'model__Base__max_features': None, 'model__Base__max_leaf_nodes': None, 'model__Base__min_impurity_decrease': 0.0, 'model__Base__min_samples_leaf': 8, 'model__Base__min_samples_split': 2, 'model__Base__min_weight_fraction_leaf': 0.0, 'model__Base__monotonic_cst': None, 'model__Base__random_state': 42, 'model__Base__splitter': 'best'}",False,1.734516929660733
L-classification,Dummy,1,0.23374469215805072,0.09363486899997042,978.07421875,20.35546875,"{'memory': None, 'steps': [('prep', SimpleImputer(add_indicator=True, strategy='median')), ('model', DummyClassifier())], 'transform_input': None, 'verbose': False, 'prep': SimpleImputer(add_indicator=True, strategy='median'), 'model': DummyClassifier(), 'prep__add_indicator': True, 'prep__copy': True, 'prep__fill_value': None, 'prep__keep_empty_features': False, 'prep__missing_values': nan, 'prep__strategy': 'median', 'model__constant': None, 'model__random_state': None, 'model__strategy': 'prior'}",True,
L-classification,Random Forest,1,0.18693585576162602,0.8803302669998629,978.07421875,16.65234375,"{'memory': None, 'steps': [('prep', SimpleImputer(add_indicator=True, strategy='median')), ('model', RandomForestClassifier(min_samples_leaf=4, n_estimators=250, n_jobs=-1,
                       random_state=42))], 'transform_input': None, 'verbose': False, 'prep': SimpleImputer(add_indicator=True, strategy='median'), 'model': RandomForestClassifier(min_samples_leaf=4, n_estimators=250, n_jobs=-1,
                       random_state=42), 'prep__add_indicator': True, 'prep__copy': True, 'prep__fill_value': None, 'prep__keep_empty_features': False, 'prep__missing_values': nan, 'prep__strategy': 'median', 'model__bootstrap': True, 'model__ccp_alpha': 0.0, 'model__class_weight': None, 'model__criterion': 'gini', 'model__max_depth': None, 'model__max_features': 'sqrt', 'model__max_leaf_nodes': None, 'model__max_samples': None, 'model__min_impurity_decrease': 0.0, 'model__min_samples_leaf': 4, 'model__min_samples_split': 2, 'model__min_weight_fraction_leaf': 0.0, 'model__monotonic_cst': None, 'model__n_estimators': 250, 'model__n_jobs': -1, 'model__oob_score': False, 'model__random_state': 42, 'model__verbose': 0, 'model__warm_start': False}",False,
L-classification,Random Forest,2,0.18539928663680638,1.1911737850000463,984.98046875,9.03515625,"{'memory': None, 'steps': [('prep', SimpleImputer(add_indicator=True, strategy='median')), ('model', RandomForestClassifier(max_depth=8, min_samples_leaf=3, n_estimators=400,
                       n_jobs=-1, random_state=42))], 'transform_input': None, 'verbose': False, 'prep': SimpleImputer(add_indicator=True, strategy='median'), 'model': RandomForestClassifier(max_depth=8, min_samples_leaf=3, n_estimators=400,
                       n_jobs=-1, random_state=42), 'prep__add_indicator': True, 'prep__copy': True, 'prep__fill_value': None, 'prep__keep_empty_features': False, 'prep__missing_values': nan, 'prep__strategy': 'median', 'model__bootstrap': True, 'model__ccp_alpha': 0.0, 'model__class_weight': None, 'model__criterion': 'gini', 'model__max_depth': 8, 'model__max_features': 'sqrt', 'model__max_leaf_nodes': None, 'model__max_samples': None, 'model__min_impurity_decrease': 0.0, 'model__min_samples_leaf': 3, 'model__min_samples_split': 2, 'model__min_weight_fraction_leaf': 0.0, 'model__monotonic_cst': None, 'model__n_estimators': 400, 'model__n_jobs': -1, 'model__oob_score': False, 'model__random_state': 42, 'model__verbose': 0, 'model__warm_start': False}",True,
L-classification,GBM,1,0.19389655642059123,95.44702735800001,990.390625,11.74609375,"{'memory': None, 'steps': [('prep', SimpleImputer(add_indicator=True, strategy='median')), ('model', GradientBoostingClassifier(learning_rate=0.03, min_samples_leaf=8,
                           n_estimators=250, random_state=42))], 'transform_input': None, 'verbose': False, 'prep': SimpleImputer(add_indicator=True, strategy='median'), 'model': GradientBoostingClassifier(learning_rate=0.03, min_samples_leaf=8,
                           n_estimators=250, random_state=42), 'prep__add_indicator': True, 'prep__copy': True, 'prep__fill_value': None, 'prep__keep_empty_features': False, 'prep__missing_values': nan, 'prep__strategy': 'median', 'model__ccp_alpha': 0.0, 'model__criterion': 'friedman_mse', 'model__init': None, 'model__learning_rate': 0.03, 'model__loss': 'log_loss', 'model__max_depth': 3, 'model__max_features': None, 'model__max_leaf_nodes': None, 'model__min_impurity_decrease': 0.0, 'model__min_samples_leaf': 8, 'model__min_samples_split': 2, 'model__min_weight_fraction_leaf': 0.0, 'model__n_estimators': 250, 'model__n_iter_no_change': None, 'model__random_state': 42, 'model__subsample': 1.0, 'model__tol': 0.0001, 'model__validation_fraction': 0.1, 'model__verbose': 0, 'model__warm_start': False}",True,
L-classification,GBM,2,0.28227873274154663,211.15277581500004,991.3125,12.66015625,"{'memory': None, 'steps': [('prep', SimpleImputer(add_indicator=True, strategy='median')), ('model', GradientBoostingClassifier(learning_rate=0.05, max_depth=4, min_samples_leaf=6,
                           n_estimators=400, random_state=42))], 'transform_input': None, 'verbose': False, 'prep': SimpleImputer(add_indicator=True, strategy='median'), 'model': GradientBoostingClassifier(learning_rate=0.05, max_depth=4, min_samples_leaf=6,
                           n_estimators=400, random_state=42), 'prep__add_indicator': True, 'prep__copy': True, 'prep__fill_value': None, 'prep__keep_empty_features': False, 'prep__missing_values': nan, 'prep__strategy': 'median', 'model__ccp_alpha': 0.0, 'model__criterion': 'friedman_mse', 'model__init': None, 'model__learning_rate': 0.05, 'model__loss': 'log_loss', 'model__max_depth': 4, 'model__max_features': None, 'model__max_leaf_nodes': None, 'model__min_impurity_decrease': 0.0, 'model__min_samples_leaf': 6, 'model__min_samples_split': 2, 'model__min_weight_fraction_leaf': 0.0, 'model__n_estimators': 400, 'model__n_iter_no_change': None, 'model__random_state': 42, 'model__subsample': 1.0, 'model__tol': 0.0001, 'model__validation_fraction': 0.1, 'model__verbose': 0, 'model__warm_start': False}",False,
L-classification,XGBoost,1,0.1695242884112005,33.66827590799994,1014.23046875,34.921875,"{'memory': None, 'steps': [('prep', SimpleImputer(add_indicator=True, strategy='median')), ('model', XGBClassifier(base_score=None, booster=None, callbacks=None,
              colsample_bylevel=None, colsample_bynode=None,
              colsample_bytree=0.8, device=None, early_stopping_rounds=None,
              enable_categorical=False, eval_metric='mlogloss',
              feature_types=None, feature_weights=None, gamma=None,
              grow_policy=None, importance_type=None,
              interaction_constraints=None, learning_rate=0.03, max_bin=None,
              max_cat_threshold=None, max_cat_to_onehot=None,
              max_delta_step=None, max_depth=3, max_leaves=None,
              min_child_weight=8, missing=nan, monotone_constraints=None,
              multi_strategy=None, n_estimators=250, n_jobs=-1,
              num_parallel_tree=None, ...))], 'transform_input': None, 'verbose': False, 'prep': SimpleImputer(add_indicator=True, strategy='median'), 'model': XGBClassifier(base_score=None, booster=None, callbacks=None,
              colsample_bylevel=None, colsample_bynode=None,
              colsample_bytree=0.8, device=None, early_stopping_rounds=None,
              enable_categorical=False, eval_metric='mlogloss',
              feature_types=None, feature_weights=None, gamma=None,
              grow_policy=None, importance_type=None,
              interaction_constraints=None, learning_rate=0.03, max_bin=None,
              max_cat_threshold=None, max_cat_to_onehot=None,
              max_delta_step=None, max_depth=3, max_leaves=None,
              min_child_weight=8, missing=nan, monotone_constraints=None,
              multi_strategy=None, n_estimators=250, n_jobs=-1,
              num_parallel_tree=None, ...), 'prep__add_indicator': True, 'prep__copy': True, 'prep__fill_value': None, 'prep__keep_empty_features': False, 'prep__missing_values': nan, 'prep__strategy': 'median', 'model__objective': 'multi:softprob', 'model__base_score': None, 'model__booster': None, 'model__callbacks': None, 'model__colsample_bylevel': None, 'model__colsample_bynode': None, 'model__colsample_bytree': 0.8, 'model__device': None, 'model__early_stopping_rounds': None, 'model__enable_categorical': False, 'model__eval_metric': 'mlogloss', 'model__feature_types': None, 'model__feature_weights': None, 'model__gamma': None, 'model__grow_policy': None, 'model__importance_type': None, 'model__interaction_constraints': None, 'model__learning_rate': 0.03, 'model__max_bin': None, 'model__max_cat_threshold': None, 'model__max_cat_to_onehot': None, 'model__max_delta_step': None, 'model__max_depth': 3, 'model__max_leaves': None, 'model__min_child_weight': 8, 'model__missing': nan, 'model__monotone_constraints': None, 'model__multi_strategy': None, 'model__n_estimators': 250, 'model__n_jobs': -1, 'model__num_parallel_tree': None, 'model__random_state': 42, 'model__reg_alpha': None, 'model__reg_lambda': 2.0, 'model__sampling_method': None, 'model__scale_pos_weight': None, 'model__subsample': 0.8, 'model__tree_method': 'hist', 'model__validate_parameters': None, 'model__verbosity': None}",True,
L-classification,XGBoost,2,0.22766580938200748,52.61368431100027,1025.97265625,11.74609375,"{'memory': None, 'steps': [('prep', SimpleImputer(add_indicator=True, strategy='median')), ('model', XGBClassifier(base_score=None, booster=None, callbacks=None,
              colsample_bylevel=None, colsample_bynode=None,
              colsample_bytree=0.8, device=None, early_stopping_rounds=None,
              enable_categorical=False, eval_metric='mlogloss',
              feature_types=None, feature_weights=None, gamma=None,
              grow_policy=None, importance_type=None,
              interaction_constraints=None, learning_rate=0.05, max_bin=None,
              max_cat_threshold=None, max_cat_to_onehot=None,
              max_delta_step=None, max_depth=4, max_leaves=None,
              min_child_weight=5, missing=nan, monotone_constraints=None,
              multi_strategy=None, n_estimators=400, n_jobs=-1,
              num_parallel_tree=None, ...))], 'transform_input': None, 'verbose': False, 'prep': SimpleImputer(add_indicator=True, strategy='median'), 'model': XGBClassifier(base_score=None, booster=None, callbacks=None,
              colsample_bylevel=None, colsample_bynode=None,
              colsample_bytree=0.8, device=None, early_stopping_rounds=None,
              enable_categorical=False, eval_metric='mlogloss',
              feature_types=None, feature_weights=None, gamma=None,
              grow_policy=None, importance_type=None,
              interaction_constraints=None, learning_rate=0.05, max_bin=None,
              max_cat_threshold=None, max_cat_to_onehot=None,
              max_delta_step=None, max_depth=4, max_leaves=None,
              min_child_weight=5, missing=nan, monotone_constraints=None,
              multi_strategy=None, n_estimators=400, n_jobs=-1,
              num_parallel_tree=None, ...), 'prep__add_indicator': True, 'prep__copy': True, 'prep__fill_value': None, 'prep__keep_empty_features': False, 'prep__missing_values': nan, 'prep__strategy': 'median', 'model__objective': 'multi:softprob', 'model__base_score': None, 'model__booster': None, 'model__callbacks': None, 'model__colsample_bylevel': None, 'model__colsample_bynode': None, 'model__colsample_bytree': 0.8, 'model__device': None, 'model__early_stopping_rounds': None, 'model__enable_categorical': False, 'model__eval_metric': 'mlogloss', 'model__feature_types': None, 'model__feature_weights': None, 'model__gamma': None, 'model__grow_policy': None, 'model__importance_type': None, 'model__interaction_constraints': None, 'model__learning_rate': 0.05, 'model__max_bin': None, 'model__max_cat_threshold': None, 'model__max_cat_to_onehot': None, 'model__max_delta_step': None, 'model__max_depth': 4, 'model__max_leaves': None, 'model__min_child_weight': 5, 'model__missing': nan, 'model__monotone_constraints': None, 'model__multi_strategy': None, 'model__n_estimators': 400, 'model__n_jobs': -1, 'model__num_parallel_tree': None, 'model__random_state': 42, 'model__reg_alpha': None, 'model__reg_lambda': 2.0, 'model__sampling_method': None, 'model__scale_pos_weight': None, 'model__subsample': 0.8, 'model__tree_method': 'hist', 'model__validate_parameters': None, 'model__verbosity': None}",False,
L-classification,LightGBM,1,0.1814915392782115,8.973416872000143,1026.55859375,11.74609375,"{'memory': None, 'steps': [('prep', SimpleImputer(add_indicator=True, strategy='median')), ('model', LGBMClassifier(colsample_bytree=0.8, learning_rate=0.03, max_depth=3,
               n_estimators=250, n_jobs=-1, num_leaves=7, random_state=42,
               reg_lambda=2.0, subsample=0.8, verbosity=-1))], 'transform_input': None, 'verbose': False, 'prep': SimpleImputer(add_indicator=True, strategy='median'), 'model': LGBMClassifier(colsample_bytree=0.8, learning_rate=0.03, max_depth=3,
               n_estimators=250, n_jobs=-1, num_leaves=7, random_state=42,
               reg_lambda=2.0, subsample=0.8, verbosity=-1), 'prep__add_indicator': True, 'prep__copy': True, 'prep__fill_value': None, 'prep__keep_empty_features': False, 'prep__missing_values': nan, 'prep__strategy': 'median', 'model__boosting_type': 'gbdt', 'model__class_weight': None, 'model__colsample_bytree': 0.8, 'model__importance_type': 'split', 'model__learning_rate': 0.03, 'model__max_depth': 3, 'model__min_child_samples': 20, 'model__min_child_weight': 0.001, 'model__min_split_gain': 0.0, 'model__n_estimators': 250, 'model__n_jobs': -1, 'model__num_leaves': 7, 'model__objective': None, 'model__random_state': 42, 'model__reg_alpha': 0.0, 'model__reg_lambda': 2.0, 'model__subsample': 0.8, 'model__subsample_for_bin': 200000, 'model__subsample_freq': 0, 'model__verbosity': -1}",True,
L-classification,LightGBM,2,0.250379447165186,133.67324083199992,1036.1796875,19.23828125,"{'memory': None, 'steps': [('prep', SimpleImputer(add_indicator=True, strategy='median')), ('model', LGBMClassifier(colsample_bytree=0.8, learning_rate=0.05, max_depth=4,
               min_child_samples=15, n_estimators=400, n_jobs=-1, num_leaves=15,
               random_state=42, reg_lambda=2.0, subsample=0.8, verbosity=-1))], 'transform_input': None, 'verbose': False, 'prep': SimpleImputer(add_indicator=True, strategy='median'), 'model': LGBMClassifier(colsample_bytree=0.8, learning_rate=0.05, max_depth=4,
               min_child_samples=15, n_estimators=400, n_jobs=-1, num_leaves=15,
               random_state=42, reg_lambda=2.0, subsample=0.8, verbosity=-1), 'prep__add_indicator': True, 'prep__copy': True, 'prep__fill_value': None, 'prep__keep_empty_features': False, 'prep__missing_values': nan, 'prep__strategy': 'median', 'model__boosting_type': 'gbdt', 'model__class_weight': None, 'model__colsample_bytree': 0.8, 'model__importance_type': 'split', 'model__learning_rate': 0.05, 'model__max_depth': 4, 'model__min_child_samples': 15, 'model__min_child_weight': 0.001, 'model__min_split_gain': 0.0, 'model__n_estimators': 400, 'model__n_jobs': -1, 'model__num_leaves': 15, 'model__objective': None, 'model__random_state': 42, 'model__reg_alpha': 0.0, 'model__reg_lambda': 2.0, 'model__subsample': 0.8, 'model__subsample_for_bin': 200000, 'model__subsample_freq': 0, 'model__verbosity': -1}",False,
L-classification,NGBoost,1,0.16794508348873907,62.064626295999915,1055.6875,27.62109375,"{'memory': None, 'steps': [('prep', SimpleImputer(add_indicator=True, strategy='median')), ('model', NGBClassifier(Base=DecisionTreeRegressor(max_depth=3, min_samples_leaf=12,
                                         random_state=42),
              col_sample=0.8, learning_rate=0.02, minibatch_frac=0.8,
              n_estimators=250,
              random_state=RandomState(MT19937) at 0x79CD885F4140,
              verbose=False))], 'transform_input': None, 'verbose': False, 'prep': SimpleImputer(add_indicator=True, strategy='median'), 'model': NGBClassifier(Base=DecisionTreeRegressor(max_depth=3, min_samples_leaf=12,
                                         random_state=42),
              col_sample=0.8, learning_rate=0.02, minibatch_frac=0.8,
              n_estimators=250,
              random_state=RandomState(MT19937) at 0x79CD885F4140,
              verbose=False), 'prep__add_indicator': True, 'prep__copy': True, 'prep__fill_value': None, 'prep__keep_empty_features': False, 'prep__missing_values': nan, 'prep__strategy': 'median', 'model__Dist': <class 'ngboost.distns.categorical.k_categorical.<locals>.Categorical'>, 'model__Score': <class 'ngboost.scores.LogScore'>, 'model__Base': DecisionTreeRegressor(max_depth=3, min_samples_leaf=12, random_state=42), 'model__natural_gradient': True, 'model__n_estimators': 250, 'model__learning_rate': 0.02, 'model__minibatch_frac': 0.8, 'model__col_sample': 0.8, 'model__verbose': False, 'model__verbose_eval': 100, 'model__tol': 0.0001, 'model__random_state': RandomState(MT19937) at 0x79CD885F4140, 'model__validation_fraction': 0.1, 'model__early_stopping_rounds': None, 'model__Base__ccp_alpha': 0.0, 'model__Base__criterion': 'squared_error', 'model__Base__max_depth': 3, 'model__Base__max_features': None, 'model__Base__max_leaf_nodes': None, 'model__Base__min_impurity_decrease': 0.0, 'model__Base__min_samples_leaf': 12, 'model__Base__min_samples_split': 2, 'model__Base__min_weight_fraction_leaf': 0.0, 'model__Base__monotonic_cst': None, 'model__Base__random_state': 42, 'model__Base__splitter': 'best'}",True,
L-classification,NGBoost,2,0.1877565054297535,128.35502525099992,1055.71484375,27.39453125,"{'memory': None, 'steps': [('prep', SimpleImputer(add_indicator=True, strategy='median')), ('model', NGBClassifier(Base=DecisionTreeRegressor(max_depth=4, min_samples_leaf=8,
                                         random_state=42),
              col_sample=0.8, learning_rate=0.03, minibatch_frac=0.8,
              n_estimators=400,
              random_state=RandomState(MT19937) at 0x79CD885F4040,
              verbose=False))], 'transform_input': None, 'verbose': False, 'prep': SimpleImputer(add_indicator=True, strategy='median'), 'model': NGBClassifier(Base=DecisionTreeRegressor(max_depth=4, min_samples_leaf=8,
                                         random_state=42),
              col_sample=0.8, learning_rate=0.03, minibatch_frac=0.8,
              n_estimators=400,
              random_state=RandomState(MT19937) at 0x79CD885F4040,
              verbose=False), 'prep__add_indicator': True, 'prep__copy': True, 'prep__fill_value': None, 'prep__keep_empty_features': False, 'prep__missing_values': nan, 'prep__strategy': 'median', 'model__Dist': <class 'ngboost.distns.categorical.k_categorical.<locals>.Categorical'>, 'model__Score': <class 'ngboost.scores.LogScore'>, 'model__Base': DecisionTreeRegressor(max_depth=4, min_samples_leaf=8, random_state=42), 'model__natural_gradient': True, 'model__n_estimators': 400, 'model__learning_rate': 0.03, 'model__minibatch_frac': 0.8, 'model__col_sample': 0.8, 'model__verbose': False, 'model__verbose_eval': 100, 'model__tol': 0.0001, 'model__random_state': RandomState(MT19937) at 0x79CD885F4040, 'model__validation_fraction': 0.1, 'model__early_stopping_rounds': None, 'model__Base__ccp_alpha': 0.0, 'model__Base__criterion': 'squared_error', 'model__Base__max_depth': 4, 'model__Base__max_features': None, 'model__Base__max_leaf_nodes': None, 'model__Base__min_impurity_decrease': 0.0, 'model__Base__min_samples_leaf': 8, 'model__Base__min_samples_split': 2, 'model__Base__min_weight_fraction_leaf': 0.0, 'model__Base__monotonic_cst': None, 'model__Base__random_state': 42, 'model__Base__splitter': 'best'}",False,
L-regression,Dummy,1,,0.1701482040002702,1039.95703125,11.62109375,"{'memory': None, 'steps': [('prep', SimpleImputer(add_indicator=True, strategy='median')), ('model', DummyRegressor())], 'transform_input': None, 'verbose': False, 'prep': SimpleImputer(add_indicator=True, strategy='median'), 'model': DummyRegressor(), 'prep__add_indicator': True, 'prep__copy': True, 'prep__fill_value': None, 'prep__keep_empty_features': False, 'prep__missing_values': nan, 'prep__strategy': 'median', 'model__constant': None, 'model__quantile': None, 'model__strategy': 'mean'}",True,1.7570270782666224
L-regression,Random Forest,1,,1.6695156989999305,1039.95703125,11.74609375,"{'memory': None, 'steps': [('prep', SimpleImputer(add_indicator=True, strategy='median')), ('model', RandomForestRegressor(max_features='sqrt', min_samples_leaf=4, n_estimators=250,
                      n_jobs=-1, random_state=42))], 'transform_input': None, 'verbose': False, 'prep': SimpleImputer(add_indicator=True, strategy='median'), 'model': RandomForestRegressor(max_features='sqrt', min_samples_leaf=4, n_estimators=250,
                      n_jobs=-1, random_state=42), 'prep__add_indicator': True, 'prep__copy': True, 'prep__fill_value': None, 'prep__keep_empty_features': False, 'prep__missing_values': nan, 'prep__strategy': 'median', 'model__bootstrap': True, 'model__ccp_alpha': 0.0, 'model__criterion': 'squared_error', 'model__max_depth': None, 'model__max_features': 'sqrt', 'model__max_leaf_nodes': None, 'model__max_samples': None, 'model__min_impurity_decrease': 0.0, 'model__min_samples_leaf': 4, 'model__min_samples_split': 2, 'model__min_weight_fraction_leaf': 0.0, 'model__monotonic_cst': None, 'model__n_estimators': 250, 'model__n_jobs': -1, 'model__oob_score': False, 'model__random_state': 42, 'model__verbose': 0, 'model__warm_start': False}",False,1.4295147916672681
L-regression,Random Forest,2,,2.151021258000128,1042.328125,11.75,"{'memory': None, 'steps': [('prep', SimpleImputer(add_indicator=True, strategy='median')), ('model', RandomForestRegressor(max_depth=8, max_features='sqrt', min_samples_leaf=3,
                      n_estimators=400, n_jobs=-1, random_state=42))], 'transform_input': None, 'verbose': False, 'prep': SimpleImputer(add_indicator=True, strategy='median'), 'model': RandomForestRegressor(max_depth=8, max_features='sqrt', min_samples_leaf=3,
                      n_estimators=400, n_jobs=-1, random_state=42), 'prep__add_indicator': True, 'prep__copy': True, 'prep__fill_value': None, 'prep__keep_empty_features': False, 'prep__missing_values': nan, 'prep__strategy': 'median', 'model__bootstrap': True, 'model__ccp_alpha': 0.0, 'model__criterion': 'squared_error', 'model__max_depth': 8, 'model__max_features': 'sqrt', 'model__max_leaf_nodes': None, 'model__max_samples': None, 'model__min_impurity_decrease': 0.0, 'model__min_samples_leaf': 3, 'model__min_samples_split': 2, 'model__min_weight_fraction_leaf': 0.0, 'model__monotonic_cst': None, 'model__n_estimators': 400, 'model__n_jobs': -1, 'model__oob_score': False, 'model__random_state': 42, 'model__verbose': 0, 'model__warm_start': False}",True,1.4135160972395555
L-regression,GBM,1,,40.86226724300013,1045.39453125,11.74609375,"{'memory': None, 'steps': [('prep', SimpleImputer(add_indicator=True, strategy='median')), ('model', GradientBoostingRegressor(learning_rate=0.03, loss='huber', min_samples_leaf=8,
                          n_estimators=250, random_state=42))], 'transform_input': None, 'verbose': False, 'prep': SimpleImputer(add_indicator=True, strategy='median'), 'model': GradientBoostingRegressor(learning_rate=0.03, loss='huber', min_samples_leaf=8,
                          n_estimators=250, random_state=42), 'prep__add_indicator': True, 'prep__copy': True, 'prep__fill_value': None, 'prep__keep_empty_features': False, 'prep__missing_values': nan, 'prep__strategy': 'median', 'model__alpha': 0.9, 'model__ccp_alpha': 0.0, 'model__criterion': 'friedman_mse', 'model__init': None, 'model__learning_rate': 0.03, 'model__loss': 'huber', 'model__max_depth': 3, 'model__max_features': None, 'model__max_leaf_nodes': None, 'model__min_impurity_decrease': 0.0, 'model__min_samples_leaf': 8, 'model__min_samples_split': 2, 'model__min_weight_fraction_leaf': 0.0, 'model__n_estimators': 250, 'model__n_iter_no_change': None, 'model__random_state': 42, 'model__subsample': 1.0, 'model__tol': 0.0001, 'model__validation_fraction': 0.1, 'model__verbose': 0, 'model__warm_start': False}",True,1.330995250784482
L-regression,GBM,2,,79.80965878799998,1045.40234375,11.74609375,"{'memory': None, 'steps': [('prep', SimpleImputer(add_indicator=True, strategy='median')), ('model', GradientBoostingRegressor(learning_rate=0.05, loss='huber', max_depth=4,
                          min_samples_leaf=6, n_estimators=400,
                          random_state=42))], 'transform_input': None, 'verbose': False, 'prep': SimpleImputer(add_indicator=True, strategy='median'), 'model': GradientBoostingRegressor(learning_rate=0.05, loss='huber', max_depth=4,
                          min_samples_leaf=6, n_estimators=400,
                          random_state=42), 'prep__add_indicator': True, 'prep__copy': True, 'prep__fill_value': None, 'prep__keep_empty_features': False, 'prep__missing_values': nan, 'prep__strategy': 'median', 'model__alpha': 0.9, 'model__ccp_alpha': 0.0, 'model__criterion': 'friedman_mse', 'model__init': None, 'model__learning_rate': 0.05, 'model__loss': 'huber', 'model__max_depth': 4, 'model__max_features': None, 'model__max_leaf_nodes': None, 'model__min_impurity_decrease': 0.0, 'model__min_samples_leaf': 6, 'model__min_samples_split': 2, 'model__min_weight_fraction_leaf': 0.0, 'model__n_estimators': 400, 'model__n_iter_no_change': None, 'model__random_state': 42, 'model__subsample': 1.0, 'model__tol': 0.0001, 'model__validation_fraction': 0.1, 'model__verbose': 0, 'model__warm_start': False}",False,1.4425778600768935
L-regression,XGBoost,1,,12.250930719999815,1045.41015625,11.74609375,"{'memory': None, 'steps': [('prep', SimpleImputer(add_indicator=True, strategy='median')), ('model', XGBRegressor(base_score=None, booster=None, callbacks=None,
             colsample_bylevel=None, colsample_bynode=None,
             colsample_bytree=0.8, device=None, early_stopping_rounds=None,
             enable_categorical=False, eval_metric='rmse', feature_types=None,
             feature_weights=None, gamma=None, grow_policy=None,
             importance_type=None, interaction_constraints=None,
             learning_rate=0.03, max_bin=None, max_cat_threshold=None,
             max_cat_to_onehot=None, max_delta_step=None, max_depth=3,
             max_leaves=None, min_child_weight=8, missing=nan,
             monotone_constraints=None, multi_strategy=None, n_estimators=250,
             n_jobs=-1, num_parallel_tree=None, ...))], 'transform_input': None, 'verbose': False, 'prep': SimpleImputer(add_indicator=True, strategy='median'), 'model': XGBRegressor(base_score=None, booster=None, callbacks=None,
             colsample_bylevel=None, colsample_bynode=None,
             colsample_bytree=0.8, device=None, early_stopping_rounds=None,
             enable_categorical=False, eval_metric='rmse', feature_types=None,
             feature_weights=None, gamma=None, grow_policy=None,
             importance_type=None, interaction_constraints=None,
             learning_rate=0.03, max_bin=None, max_cat_threshold=None,
             max_cat_to_onehot=None, max_delta_step=None, max_depth=3,
             max_leaves=None, min_child_weight=8, missing=nan,
             monotone_constraints=None, multi_strategy=None, n_estimators=250,
             n_jobs=-1, num_parallel_tree=None, ...), 'prep__add_indicator': True, 'prep__copy': True, 'prep__fill_value': None, 'prep__keep_empty_features': False, 'prep__missing_values': nan, 'prep__strategy': 'median', 'model__objective': 'reg:squarederror', 'model__base_score': None, 'model__booster': None, 'model__callbacks': None, 'model__colsample_bylevel': None, 'model__colsample_bynode': None, 'model__colsample_bytree': 0.8, 'model__device': None, 'model__early_stopping_rounds': None, 'model__enable_categorical': False, 'model__eval_metric': 'rmse', 'model__feature_types': None, 'model__feature_weights': None, 'model__gamma': None, 'model__grow_policy': None, 'model__importance_type': None, 'model__interaction_constraints': None, 'model__learning_rate': 0.03, 'model__max_bin': None, 'model__max_cat_threshold': None, 'model__max_cat_to_onehot': None, 'model__max_delta_step': None, 'model__max_depth': 3, 'model__max_leaves': None, 'model__min_child_weight': 8, 'model__missing': nan, 'model__monotone_constraints': None, 'model__multi_strategy': None, 'model__n_estimators': 250, 'model__n_jobs': -1, 'model__num_parallel_tree': None, 'model__random_state': 42, 'model__reg_alpha': None, 'model__reg_lambda': 2.0, 'model__sampling_method': None, 'model__scale_pos_weight': None, 'model__subsample': 0.8, 'model__tree_method': 'hist', 'model__validate_parameters': None, 'model__verbosity': None}",True,1.3280260001551674
L-regression,XGBoost,2,,15.954943398000069,1045.625,11.74609375,"{'memory': None, 'steps': [('prep', SimpleImputer(add_indicator=True, strategy='median')), ('model', XGBRegressor(base_score=None, booster=None, callbacks=None,
             colsample_bylevel=None, colsample_bynode=None,
             colsample_bytree=0.8, device=None, early_stopping_rounds=None,
             enable_categorical=False, eval_metric='rmse', feature_types=None,
             feature_weights=None, gamma=None, grow_policy=None,
             importance_type=None, interaction_constraints=None,
             learning_rate=0.05, max_bin=None, max_cat_threshold=None,
             max_cat_to_onehot=None, max_delta_step=None, max_depth=4,
             max_leaves=None, min_child_weight=5, missing=nan,
             monotone_constraints=None, multi_strategy=None, n_estimators=400,
             n_jobs=-1, num_parallel_tree=None, ...))], 'transform_input': None, 'verbose': False, 'prep': SimpleImputer(add_indicator=True, strategy='median'), 'model': XGBRegressor(base_score=None, booster=None, callbacks=None,
             colsample_bylevel=None, colsample_bynode=None,
             colsample_bytree=0.8, device=None, early_stopping_rounds=None,
             enable_categorical=False, eval_metric='rmse', feature_types=None,
             feature_weights=None, gamma=None, grow_policy=None,
             importance_type=None, interaction_constraints=None,
             learning_rate=0.05, max_bin=None, max_cat_threshold=None,
             max_cat_to_onehot=None, max_delta_step=None, max_depth=4,
             max_leaves=None, min_child_weight=5, missing=nan,
             monotone_constraints=None, multi_strategy=None, n_estimators=400,
             n_jobs=-1, num_parallel_tree=None, ...), 'prep__add_indicator': True, 'prep__copy': True, 'prep__fill_value': None, 'prep__keep_empty_features': False, 'prep__missing_values': nan, 'prep__strategy': 'median', 'model__objective': 'reg:squarederror', 'model__base_score': None, 'model__booster': None, 'model__callbacks': None, 'model__colsample_bylevel': None, 'model__colsample_bynode': None, 'model__colsample_bytree': 0.8, 'model__device': None, 'model__early_stopping_rounds': None, 'model__enable_categorical': False, 'model__eval_metric': 'rmse', 'model__feature_types': None, 'model__feature_weights': None, 'model__gamma': None, 'model__grow_policy': None, 'model__importance_type': None, 'model__interaction_constraints': None, 'model__learning_rate': 0.05, 'model__max_bin': None, 'model__max_cat_threshold': None, 'model__max_cat_to_onehot': None, 'model__max_delta_step': None, 'model__max_depth': 4, 'model__max_leaves': None, 'model__min_child_weight': 5, 'model__missing': nan, 'model__monotone_constraints': None, 'model__multi_strategy': None, 'model__n_estimators': 400, 'model__n_jobs': -1, 'model__num_parallel_tree': None, 'model__random_state': 42, 'model__reg_alpha': None, 'model__reg_lambda': 2.0, 'model__sampling_method': None, 'model__scale_pos_weight': None, 'model__subsample': 0.8, 'model__tree_method': 'hist', 'model__validate_parameters': None, 'model__verbosity': None}",False,1.454176294553916
L-regression,LightGBM,1,,2.638179322999804,1045.78515625,11.74609375,"{'memory': None, 'steps': [('prep', SimpleImputer(add_indicator=True, strategy='median')), ('model', LGBMRegressor(colsample_bytree=0.8, learning_rate=0.03, max_depth=3,
              n_estimators=250, n_jobs=-1, num_leaves=7, random_state=42,
              reg_lambda=2.0, subsample=0.8, verbosity=-1))], 'transform_input': None, 'verbose': False, 'prep': SimpleImputer(add_indicator=True, strategy='median'), 'model': LGBMRegressor(colsample_bytree=0.8, learning_rate=0.03, max_depth=3,
              n_estimators=250, n_jobs=-1, num_leaves=7, random_state=42,
              reg_lambda=2.0, subsample=0.8, verbosity=-1), 'prep__add_indicator': True, 'prep__copy': True, 'prep__fill_value': None, 'prep__keep_empty_features': False, 'prep__missing_values': nan, 'prep__strategy': 'median', 'model__boosting_type': 'gbdt', 'model__class_weight': None, 'model__colsample_bytree': 0.8, 'model__importance_type': 'split', 'model__learning_rate': 0.03, 'model__max_depth': 3, 'model__min_child_samples': 20, 'model__min_child_weight': 0.001, 'model__min_split_gain': 0.0, 'model__n_estimators': 250, 'model__n_jobs': -1, 'model__num_leaves': 7, 'model__objective': None, 'model__random_state': 42, 'model__reg_alpha': 0.0, 'model__reg_lambda': 2.0, 'model__subsample': 0.8, 'model__subsample_for_bin': 200000, 'model__subsample_freq': 0, 'model__verbosity': -1}",True,1.3394424567656802
L-regression,LightGBM,2,,8.966347980000137,1048.46484375,14.42578125,"{'memory': None, 'steps': [('prep', SimpleImputer(add_indicator=True, strategy='median')), ('model', LGBMRegressor(colsample_bytree=0.8, learning_rate=0.05, max_depth=4,
              min_child_samples=15, n_estimators=400, n_jobs=-1, num_leaves=15,
              random_state=42, reg_lambda=2.0, subsample=0.8, verbosity=-1))], 'transform_input': None, 'verbose': False, 'prep': SimpleImputer(add_indicator=True, strategy='median'), 'model': LGBMRegressor(colsample_bytree=0.8, learning_rate=0.05, max_depth=4,
              min_child_samples=15, n_estimators=400, n_jobs=-1, num_leaves=15,
              random_state=42, reg_lambda=2.0, subsample=0.8, verbosity=-1), 'prep__add_indicator': True, 'prep__copy': True, 'prep__fill_value': None, 'prep__keep_empty_features': False, 'prep__missing_values': nan, 'prep__strategy': 'median', 'model__boosting_type': 'gbdt', 'model__class_weight': None, 'model__colsample_bytree': 0.8, 'model__importance_type': 'split', 'model__learning_rate': 0.05, 'model__max_depth': 4, 'model__min_child_samples': 15, 'model__min_child_weight': 0.001, 'model__min_split_gain': 0.0, 'model__n_estimators': 400, 'model__n_jobs': -1, 'model__num_leaves': 15, 'model__objective': None, 'model__random_state': 42, 'model__reg_alpha': 0.0, 'model__reg_lambda': 2.0, 'model__subsample': 0.8, 'model__subsample_for_bin': 200000, 'model__subsample_freq': 0, 'model__verbosity': -1}",False,1.427887158931178
L-regression,NGBoost,1,,49.11141219399997,1064.5390625,27.515625,"{'memory': None, 'steps': [('prep', SimpleImputer(add_indicator=True, strategy='median')), ('model', NGBRegressor(Base=DecisionTreeRegressor(max_depth=3, min_samples_leaf=12,
                                        random_state=42),
             col_sample=0.8, learning_rate=0.02, minibatch_frac=0.8,
             n_estimators=250,
             random_state=RandomState(MT19937) at 0x79CD886A1440,
             verbose=False))], 'transform_input': None, 'verbose': False, 'prep': SimpleImputer(add_indicator=True, strategy='median'), 'model': NGBRegressor(Base=DecisionTreeRegressor(max_depth=3, min_samples_leaf=12,
                                        random_state=42),
             col_sample=0.8, learning_rate=0.02, minibatch_frac=0.8,
             n_estimators=250,
             random_state=RandomState(MT19937) at 0x79CD886A1440,
             verbose=False), 'prep__add_indicator': True, 'prep__copy': True, 'prep__fill_value': None, 'prep__keep_empty_features': False, 'prep__missing_values': nan, 'prep__strategy': 'median', 'model__Dist': <class 'ngboost.distns.normal.Normal'>, 'model__Score': <class 'ngboost.scores.LogScore'>, 'model__Base': DecisionTreeRegressor(max_depth=3, min_samples_leaf=12, random_state=42), 'model__natural_gradient': True, 'model__n_estimators': 250, 'model__learning_rate': 0.02, 'model__minibatch_frac': 0.8, 'model__col_sample': 0.8, 'model__verbose': False, 'model__verbose_eval': 100, 'model__tol': 0.0001, 'model__random_state': RandomState(MT19937) at 0x79CD886A1440, 'model__validation_fraction': 0.1, 'model__early_stopping_rounds': None, 'model__Base__ccp_alpha': 0.0, 'model__Base__criterion': 'squared_error', 'model__Base__max_depth': 3, 'model__Base__max_features': None, 'model__Base__max_leaf_nodes': None, 'model__Base__min_impurity_decrease': 0.0, 'model__Base__min_samples_leaf': 12, 'model__Base__min_samples_split': 2, 'model__Base__min_weight_fraction_leaf': 0.0, 'model__Base__monotonic_cst': None, 'model__Base__random_state': 42, 'model__Base__splitter': 'best'}",True,1.3215619721612641
L-regression,NGBoost,2,,99.48577318300022,1064.546875,27.390625,"{'memory': None, 'steps': [('prep', SimpleImputer(add_indicator=True, strategy='median')), ('model', NGBRegressor(Base=DecisionTreeRegressor(max_depth=4, min_samples_leaf=8,
                                        random_state=42),
             col_sample=0.8, learning_rate=0.03, minibatch_frac=0.8,
             n_estimators=400,
             random_state=RandomState(MT19937) at 0x79CD886A1140,
             verbose=False))], 'transform_input': None, 'verbose': False, 'prep': SimpleImputer(add_indicator=True, strategy='median'), 'model': NGBRegressor(Base=DecisionTreeRegressor(max_depth=4, min_samples_leaf=8,
                                        random_state=42),
             col_sample=0.8, learning_rate=0.03, minibatch_frac=0.8,
             n_estimators=400,
             random_state=RandomState(MT19937) at 0x79CD886A1140,
             verbose=False), 'prep__add_indicator': True, 'prep__copy': True, 'prep__fill_value': None, 'prep__keep_empty_features': False, 'prep__missing_values': nan, 'prep__strategy': 'median', 'model__Dist': <class 'ngboost.distns.normal.Normal'>, 'model__Score': <class 'ngboost.scores.LogScore'>, 'model__Base': DecisionTreeRegressor(max_depth=4, min_samples_leaf=8, random_state=42), 'model__natural_gradient': True, 'model__n_estimators': 400, 'model__learning_rate': 0.03, 'model__minibatch_frac': 0.8, 'model__col_sample': 0.8, 'model__verbose': False, 'model__verbose_eval': 100, 'model__tol': 0.0001, 'model__random_state': RandomState(MT19937) at 0x79CD886A1140, 'model__validation_fraction': 0.1, 'model__early_stopping_rounds': None, 'model__Base__ccp_alpha': 0.0, 'model__Base__criterion': 'squared_error', 'model__Base__max_depth': 4, 'model__Base__max_features': None, 'model__Base__max_leaf_nodes': None, 'model__Base__min_impurity_decrease': 0.0, 'model__Base__min_samples_leaf': 8, 'model__Base__min_samples_split': 2, 'model__Base__min_weight_fraction_leaf': 0.0, 'model__Base__monotonic_cst': None, 'model__Base__random_state': 42, 'model__Base__splitter': 'best'}",False,1.3828418866113001
