match_id,kickoff,competition_id,season_id,split
3754097,2015-08-08 13:45:00,2,27,train
3754128,2015-08-08 16:00:00,2,27,train
3754138,2015-08-08 16:00:00,2,27,train
3754237,2015-08-08 16:00:00,2,27,train
3754300,2015-08-08 16:00:00,2,27,train
3754078,2015-08-08 18:30:00,2,27,train
3754112,2015-08-09 14:30:00,2,27,train
3754141,2015-08-09 14:30:00,2,27,train
3753985,2015-08-09 17:00:00,2,27,train
3754145,2015-08-10 21:00:00,2,27,train
3754107,2015-08-14 20:45:00,2,27,train
3754034,2015-08-15 13:45:00,2,27,train
3753993,2015-08-15 16:00:00,2,27,train
3754203,2015-08-15 16:00:00,2,27,train
3754267,2015-08-15 16:00:00,2,27,train
3754270,2015-08-15 16:00:00,2,27,train
3754344,2015-08-15 16:00:00,2,27,train
3754312,2015-08-16 14:30:00,2,27,train
3754066,2015-08-16 17:00:00,2,27,train
3754020,2015-08-17 21:00:00,2,27,train
3754254,2015-08-22 13:45:00,2,27,train
3753987,2015-08-22 16:00:00,2,27,train
3754104,2015-08-22 16:00:00,2,27,train
3754131,2015-08-22 16:00:00,2,27,train
3754180,2015-08-22 16:00:00,2,27,train
3754190,2015-08-22 16:00:00,2,27,train
3754059,2015-08-23 14:30:00,2,27,train
3754189,2015-08-23 17:00:00,2,27,train
3754233,2015-08-23 17:00:00,2,27,train
3754129,2015-08-24 19:00:00,2,27,train
3754205,2015-08-29 13:45:00,2,27,train
3753984,2015-08-29 16:00:00,2,27,train
3754007,2015-08-29 16:00:00,2,27,train
3754023,2015-08-29 16:00:00,2,27,train
3754083,2015-08-29 16:00:00,2,27,train
3754204,2015-08-29 16:00:00,2,27,train
3754246,2015-08-29 16:00:00,2,27,train
3754268,2015-08-29 18:30:00,2,27,train
3754337,2015-08-30 14:30:00,2,27,train
3754221,2015-08-30 17:00:00,2,27,train
3754336,2015-09-12 13:45:00,2,27,train
3754213,2015-09-12 16:00:00,2,27,train
3754240,2015-09-12 16:00:00,2,27,train
3754257,2015-09-12 16:00:00,2,27,train
3754315,2015-09-12 16:00:00,2,27,train
3754325,2015-09-12 16:00:00,2,27,train
3754003,2015-09-12 18:30:00,2,27,train
3754148,2015-09-13 14:30:00,2,27,train
3754106,2015-09-13 17:00:00,2,27,train
3754329,2015-09-14 21:00:00,2,27,train
3754217,2015-09-19 11:45:00,2,27,train
3754010,2015-09-19 16:00:00,2,27,train
3754068,2015-09-19 16:00:00,2,27,train
3754146,2015-09-19 16:00:00,2,27,train
3754169,2015-09-19 16:00:00,2,27,train
3754298,2015-09-19 16:00:00,2,27,train
3754077,2015-09-19 18:30:00,2,27,train
3754222,2015-09-20 14:30:00,2,27,train
3754011,2015-09-20 17:00:00,2,27,train
3754040,2015-09-20 17:00:00,2,27,train
3754197,2015-09-26 13:45:00,2,27,train
3753978,2015-09-26 16:00:00,2,27,train
3754008,2015-09-26 16:00:00,2,27,train
3754174,2015-09-26 16:00:00,2,27,train
3754212,2015-09-26 16:00:00,2,27,train
3754323,2015-09-26 16:00:00,2,27,train
3754339,2015-09-26 16:00:00,2,27,train
3754001,2015-09-26 18:30:00,2,27,train
3754266,2015-09-27 17:00:00,2,27,train
3754105,2015-09-28 21:00:00,2,27,train
3754099,2015-10-03 13:45:00,2,27,train
3754076,2015-10-03 16:00:00,2,27,train
3754079,2015-10-03 16:00:00,2,27,train
3754278,2015-10-03 16:00:00,2,27,train
3754330,2015-10-03 16:00:00,2,27,train
3754335,2015-10-03 16:00:00,2,27,train
3753995,2015-10-03 18:30:00,2,27,train
3754060,2015-10-04 14:30:00,2,27,train
3754074,2015-10-04 17:00:00,2,27,train
3754171,2015-10-04 17:00:00,2,27,train
3754198,2015-10-17 13:45:00,2,27,train
3754067,2015-10-17 16:00:00,2,27,train
3754115,2015-10-17 16:00:00,2,27,train
3754193,2015-10-17 16:00:00,2,27,train
3754245,2015-10-17 16:00:00,2,27,train
3754256,2015-10-17 16:00:00,2,27,train
3754302,2015-10-17 16:00:00,2,27,train
3753999,2015-10-17 18:30:00,2,27,train
3754102,2015-10-18 17:00:00,2,27,train
3754269,2015-10-19 21:00:00,2,27,train
3754017,2015-10-24 16:00:00,2,27,train
3754091,2015-10-24 16:00:00,2,27,train
3754133,2015-10-24 16:00:00,2,27,train
3754263,2015-10-24 16:00:00,2,27,train
3754288,2015-10-24 16:00:00,2,27,train
3754126,2015-10-24 18:30:00,2,27,train
3754119,2015-10-25 13:00:00,2,27,train
3754015,2015-10-25 15:05:00,2,27,train
3754234,2015-10-25 15:05:00,2,27,train
3754230,2015-10-25 17:15:00,2,27,train
3754098,2015-10-31 13:45:00,2,27,train
3753983,2015-10-31 14:00:00,2,27,train
3754006,2015-10-31 16:00:00,2,27,train
3754090,2015-10-31 16:00:00,2,27,train
3754167,2015-10-31 16:00:00,2,27,train
3754223,2015-10-31 16:00:00,2,27,train
3754273,2015-10-31 16:00:00,2,27,train
3754082,2015-11-01 14:30:00,2,27,train
3754191,2015-11-01 17:00:00,2,27,train
3754029,2015-11-02 21:00:00,2,27,train
3754238,2015-11-07 13:45:00,2,27,train
3754000,2015-11-07 16:00:00,2,27,train
3754156,2015-11-07 16:00:00,2,27,train
3754194,2015-11-07 16:00:00,2,27,train
3754297,2015-11-07 16:00:00,2,27,train
3754311,2015-11-07 16:00:00,2,27,train
3754293,2015-11-07 18:30:00,2,27,train
3754258,2015-11-08 14:30:00,2,27,train
3754265,2015-11-08 17:00:00,2,27,train
3754351,2015-11-08 17:00:00,2,27,train
3754185,2015-11-21 13:45:00,2,27,train
3753972,2015-11-21 16:00:00,2,27,train
3753996,2015-11-21 16:00:00,2,27,train
3754211,2015-11-21 16:00:00,2,27,train
3754247,2015-11-21 16:00:00,2,27,train
3754283,2015-11-21 16:00:00,2,27,train
3754301,2015-11-21 16:00:00,2,27,train
3754208,2015-11-21 18:30:00,2,27,train
3754109,2015-11-22 17:00:00,2,27,train
3753979,2015-11-23 21:00:00,2,27,train
3754028,2015-11-28 16:00:00,2,27,train
3754150,2015-11-28 16:00:00,2,27,train
3754157,2015-11-28 16:00:00,2,27,train
3754178,2015-11-28 16:00:00,2,27,train
3754304,2015-11-28 16:00:00,2,27,train
3754186,2015-11-28 18:30:00,2,27,train
3754093,2015-11-29 13:00:00,2,27,train
3754235,2015-11-29 15:05:00,2,27,train
3754047,2015-11-29 15:15:00,2,27,train
3754038,2015-11-29 17:15:00,2,27,train
3754135,2015-12-05 13:45:00,2,27,train
3754160,2015-12-05 14:00:00,2,27,train
3754085,2015-12-05 16:00:00,2,27,train
3754113,2015-12-05 16:00:00,2,27,train
3754215,2015-12-05 16:00:00,2,27,train
3754286,2015-12-05 16:00:00,2,27,train
3754347,2015-12-05 16:00:00,2,27,train
3754073,2015-12-05 18:30:00,2,27,train
3754143,2015-12-06 17:00:00,2,27,train
3754046,2015-12-07 21:00:00,2,27,train
3754182,2015-12-12 13:45:00,2,27,train
3754072,2015-12-12 16:00:00,2,27,train
3754096,2015-12-12 16:00:00,2,27,train
3754218,2015-12-12 16:00:00,2,27,train
3754328,2015-12-12 16:00:00,2,27,train
3754162,2015-12-12 18:30:00,2,27,train
3754117,2015-12-13 12:30:00,2,27,train
3754255,2015-12-13 17:00:00,2,27,train
3754276,2015-12-13 17:00:00,2,27,train
3754013,2015-12-14 21:00:00,2,27,train
3754025,2015-12-19 16:00:00,2,27,train
3754044,2015-12-19 16:00:00,2,27,train
3754153,2015-12-19 16:00:00,2,27,train
3754166,2015-12-19 16:00:00,2,27,train
3754188,2015-12-19 16:00:00,2,27,train
3754219,2015-12-19 16:00:00,2,27,train
3754136,2015-12-19 18:30:00,2,27,train
3754051,2015-12-20 14:30:00,2,27,train
3754259,2015-12-20 17:00:00,2,27,train
3754296,2015-12-21 19:00:00,2,27,train
3754014,2015-12-26 13:45:00,2,27,train
3754054,2015-12-26 16:00:00,2,27,train
3754057,2015-12-26 16:00:00,2,27,train
3754248,2015-12-26 16:00:00,2,27,train
3754279,2015-12-26 16:00:00,2,27,train
3754285,2015-12-26 16:00:00,2,27,train
3754287,2015-12-26 16:00:00,2,27,train
3754343,2015-12-26 16:00:00,2,27,train
3753974,2015-12-26 18:30:00,2,27,train
3754309,2015-12-26 18:45:00,2,27,train
3754056,2015-12-28 16:00:00,2,27,train
3754130,2015-12-28 16:00:00,2,27,train
3754195,2015-12-28 16:00:00,2,27,train
3754291,2015-12-28 16:00:00,2,27,train
3754326,2015-12-28 16:00:00,2,27,train
3754173,2015-12-28 16:30:00,2,27,train
3753998,2015-12-28 18:30:00,2,27,train
3754019,2015-12-28 18:30:00,2,27,train
3754045,2015-12-29 20:45:00,2,27,train
3754226,2015-12-30 20:45:00,2,27,train
3754251,2016-01-02 13:45:00,2,27,train
3754069,2016-01-02 14:00:00,2,27,train
3754036,2016-01-02 16:00:00,2,27,train
3754058,2016-01-02 16:00:00,2,27,train
3754101,2016-01-02 16:00:00,2,27,train
3754122,2016-01-02 16:00:00,2,27,train
3754319,2016-01-02 16:00:00,2,27,train
3754346,2016-01-02 18:30:00,2,27,train
3754114,2016-01-03 14:30:00,2,27,train
3754140,2016-01-03 17:00:00,2,27,train
3753981,2016-01-12 20:45:00,2,27,train
3754021,2016-01-12 20:45:00,2,27,train
3754088,2016-01-12 20:45:00,2,27,train
3754032,2016-01-13 20:45:00,2,27,train
3754062,2016-01-13 20:45:00,2,27,train
3754071,2016-01-13 20:45:00,2,27,train
3754142,2016-01-13 20:45:00,2,27,train
3754183,2016-01-13 20:45:00,2,27,train
3754065,2016-01-13 21:00:00,2,27,train
3754305,2016-01-13 21:00:00,2,27,train
3754027,2016-01-16 13:45:00,2,27,train
3754004,2016-01-16 16:00:00,2,27,train
3754125,2016-01-16 16:00:00,2,27,train
3754168,2016-01-16 16:00:00,2,27,train
3754260,2016-01-16 16:00:00,2,27,train
3754338,2016-01-16 16:00:00,2,27,train
3754250,2016-01-16 18:30:00,2,27,train
3754345,2016-01-17 15:05:00,2,27,train
3754202,2016-01-17 15:15:00,2,27,train
3754161,2016-01-18 21:00:00,2,27,train
3754348,2016-01-23 13:45:00,2,27,train
3753975,2016-01-23 16:00:00,2,27,train
3754084,2016-01-23 16:00:00,2,27,train
3754179,2016-01-23 16:00:00,2,27,train
3754200,2016-01-23 16:00:00,2,27,train
3754271,2016-01-23 16:00:00,2,27,train
3754341,2016-01-23 16:00:00,2,27,train
3754110,2016-01-23 18:30:00,2,27,train
3754163,2016-01-24 14:30:00,2,27,train
3754111,2016-01-24 17:00:00,2,27,train
3753997,2016-02-02 20:45:00,2,27,train
3754095,2016-02-02 20:45:00,2,27,train
3754201,2016-02-02 20:45:00,2,27,train
3754275,2016-02-02 20:45:00,2,27,train
3754317,2016-02-02 20:45:00,2,27,train
3754089,2016-02-02 21:00:00,2,27,train
3754094,2016-02-02 21:00:00,2,27,train
3754340,2016-02-02 21:00:00,2,27,train
3754103,2016-02-03 20:45:00,2,27,train
3754252,2016-02-03 20:45:00,2,27,train
3754290,2016-02-06 13:45:00,2,27,train
3754080,2016-02-06 16:00:00,2,27,train
3754127,2016-02-06 16:00:00,2,27,train
3754292,2016-02-06 16:00:00,2,27,train
3754303,2016-02-06 16:00:00,2,27,train
3754306,2016-02-06 16:00:00,2,27,train
3754316,2016-02-06 16:00:00,2,27,train
3754120,2016-02-06 18:30:00,2,27,train
3754253,2016-02-07 14:30:00,2,27,train
3754281,2016-02-07 17:00:00,2,27,train
3754031,2016-02-13 13:45:00,2,27,train
3754039,2016-02-13 16:00:00,2,27,train
3754139,2016-02-13 16:00:00,2,27,train
3754244,2016-02-13 16:00:00,2,27,train
3754274,2016-02-13 16:00:00,2,27,train
3754350,2016-02-13 16:00:00,2,27,train
3754264,2016-02-13 18:30:00,2,27,train
3754261,2016-02-14 11:00:00,2,27,validation
3754214,2016-02-14 15:05:00,2,27,validation
3754147,2016-02-14 17:15:00,2,27,validation
3754331,2016-02-27 13:45:00,2,27,validation
3754012,2016-02-27 16:00:00,2,27,validation
3754049,2016-02-27 16:00:00,2,27,validation
3754121,2016-02-27 16:00:00,2,27,validation
3754321,2016-02-27 16:00:00,2,27,validation
3754236,2016-02-27 18:30:00,2,27,validation
3754239,2016-02-28 15:05:00,2,27,validation
3754324,2016-02-28 15:05:00,2,27,validation
3754050,2016-03-01 20:45:00,2,27,validation
3754231,2016-03-01 20:45:00,2,27,validation
3754280,2016-03-01 20:45:00,2,27,validation
3754327,2016-03-01 20:45:00,2,27,validation
3754334,2016-03-01 20:45:00,2,27,validation
3753976,2016-03-02 20:45:00,2,27,validation
3754005,2016-03-02 20:45:00,2,27,validation
3754349,2016-03-02 20:45:00,2,27,validation
3753991,2016-03-02 21:00:00,2,27,validation
3754232,2016-03-02 21:00:00,2,27,validation
3754318,2016-03-05 13:45:00,2,27,validation
3754061,2016-03-05 16:00:00,2,27,validation
3754151,2016-03-05 16:00:00,2,27,validation
3754164,2016-03-05 16:00:00,2,27,validation
3754177,2016-03-05 16:00:00,2,27,validation
3754249,2016-03-05 16:00:00,2,27,validation
3754277,2016-03-05 16:00:00,2,27,validation
3754289,2016-03-05 18:30:00,2,27,validation
3754220,2016-03-06 14:30:00,2,27,validation
3754081,2016-03-06 17:00:00,2,27,validation
3754313,2016-03-12 13:45:00,2,27,validation
3753988,2016-03-12 16:00:00,2,27,validation
3754196,2016-03-12 16:00:00,2,27,validation
3754053,2016-03-13 17:00:00,2,27,validation
3754002,2016-03-14 21:00:00,2,27,validation
3753980,2016-03-19 11:45:00,2,27,validation
3753973,2016-03-19 16:00:00,2,27,validation
3753977,2016-03-19 16:00:00,2,27,validation
3754052,2016-03-19 16:00:00,2,27,validation
3754181,2016-03-19 16:00:00,2,27,validation
3754224,2016-03-19 18:30:00,2,27,validation
3754064,2016-03-20 14:30:00,2,27,validation
3754100,2016-03-20 14:30:00,2,27,validation
3754043,2016-03-20 17:00:00,2,27,validation
3754124,2016-03-20 17:00:00,2,27,validation
3754075,2016-04-02 13:45:00,2,27,validation
3754118,2016-04-02 16:00:00,2,27,validation
3754144,2016-04-02 16:00:00,2,27,validation
3754175,2016-04-02 16:00:00,2,27,validation
3754176,2016-04-02 16:00:00,2,27,validation
3754243,2016-04-02 16:00:00,2,27,validation
3754272,2016-04-02 16:00:00,2,27,validation
3754087,2016-04-02 18:30:00,2,27,validation
3753982,2016-04-03 14:30:00,2,27,validation
3754299,2016-04-03 17:00:00,2,27,validation
3754241,2016-04-09 13:45:00,2,27,validation
3754016,2016-04-09 16:00:00,2,27,validation
3754022,2016-04-09 16:00:00,2,27,validation
3754030,2016-04-09 16:00:00,2,27,validation
3754116,2016-04-09 16:00:00,2,27,validation
3754262,2016-04-09 16:00:00,2,27,validation
3754035,2016-04-09 18:30:00,2,27,validation
3754152,2016-04-10 14:30:00,2,27,validation
3753986,2016-04-10 17:00:00,2,27,validation
3754209,2016-04-10 17:30:00,2,27,validation
3754048,2016-04-13 21:00:00,2,27,validation
3754172,2016-04-16 13:45:00,2,27,validation
3754024,2016-04-16 16:00:00,2,27,validation
3754137,2016-04-16 16:00:00,2,27,validation
3754155,2016-04-16 16:00:00,2,27,validation
3754295,2016-04-16 16:00:00,2,27,validation
3754322,2016-04-16 18:30:00,2,27,validation
3754216,2016-04-17 14:30:00,2,27,validation
3754227,2016-04-17 14:30:00,2,27,validation
3754009,2016-04-17 17:00:00,2,27,validation
3754187,2016-04-18 21:00:00,2,27,validation
3754206,2016-04-19 20:45:00,2,27,test
3754086,2016-04-20 20:45:00,2,27,test
3754294,2016-04-20 21:00:00,2,27,test
3754310,2016-04-20 21:00:00,2,27,test
3754284,2016-04-21 20:45:00,2,27,test
3754307,2016-04-23 13:45:00,2,27,test
3754154,2016-04-23 16:00:00,2,27,test
3754242,2016-04-23 16:00:00,2,27,test
3754282,2016-04-23 16:00:00,2,27,test
3753990,2016-04-24 15:05:00,2,27,test
3754228,2016-04-24 17:15:00,2,27,test
3754332,2016-04-25 21:00:00,2,27,test
3754037,2016-04-30 16:00:00,2,27,test
3754063,2016-04-30 16:00:00,2,27,test
3754132,2016-04-30 16:00:00,2,27,test
3754170,2016-04-30 16:00:00,2,27,test
3754192,2016-04-30 16:00:00,2,27,test
3754184,2016-04-30 18:30:00,2,27,test
3754018,2016-05-01 13:00:00,2,27,test
3754165,2016-05-01 15:05:00,2,27,test
3754320,2016-05-01 17:30:00,2,27,test
3754092,2016-05-02 21:00:00,2,27,test
3754210,2016-05-07 13:45:00,2,27,test
3754026,2016-05-07 16:00:00,2,27,test
3754070,2016-05-07 16:00:00,2,27,test
3754108,2016-05-07 16:00:00,2,27,test
3754158,2016-05-07 16:00:00,2,27,test
3754225,2016-05-07 16:00:00,2,27,test
3754033,2016-05-07 18:30:00,2,27,test
3753992,2016-05-08 14:30:00,2,27,test
3754314,2016-05-08 17:00:00,2,27,test
3754342,2016-05-08 17:00:00,2,27,test
3754134,2016-05-10 21:30:00,2,27,test
3753989,2016-05-11 20:45:00,2,27,test
3754207,2016-05-11 20:45:00,2,27,test
3754055,2016-05-11 21:00:00,2,27,test
3753994,2016-05-15 16:00:00,2,27,test
3754041,2016-05-15 16:00:00,2,27,test
3754042,2016-05-15 16:00:00,2,27,test
3754123,2016-05-15 16:00:00,2,27,test
3754149,2016-05-15 16:00:00,2,27,test
3754199,2016-05-15 16:00:00,2,27,test
3754229,2016-05-15 16:00:00,2,27,test
3754308,2016-05-15 16:00:00,2,27,test
3754333,2016-05-15 16:00:00,2,27,test
3754159,2016-05-17 21:00:00,2,27,test
