Method,Class,Precision,Recall,F1,Support
Vanilla,Away,0.18181818181818182,0.6666666666666666,0.2857142857142857,6
Vanilla,Draw,0.0,0.0,0.0,15
Vanilla,Home,0.7083333333333334,0.68,0.6938775510204082,25
SMOTE,Away,0.14285714285714285,0.5,0.2222222222222222,6
SMOTE,Draw,0.0,0.0,0.0,15
SMOTE,Home,0.68,0.68,0.68,25
BorderlineSMOTE,Away,0.19047619047619047,0.6666666666666666,0.2962962962962963,6
BorderlineSMOTE,Draw,0.0,0.0,0.0,15
BorderlineSMOTE,Home,0.68,0.68,0.68,25
ADASYN,Away,0.13636363636363635,0.5,0.21428571428571427,6
ADASYN,Draw,0.0,0.0,0.0,15
ADASYN,Home,0.6666666666666666,0.64,0.6530612244897959,25
Class weights,Away,0.13636363636363635,0.5,0.21428571428571427,6
Class weights,Draw,0.0,0.0,0.0,15
Class weights,Home,0.7083333333333334,0.68,0.6938775510204082,25
