match_id,kickoff,home_team_name,away_team_name,label_outcome,p_away,p_draw,p_home,predicted,case_log_loss
3754042,2016-05-15 16:00:00,West Bromwich Albion,Liverpool,D,0.6408814152627854,0.11661600454735037,0.2425025801898643,A,2.1488687542162026
3754206,2016-04-19 20:45:00,Newcastle United,Manchester City,D,0.4695019214829097,0.13382174340195888,0.3966763351151313,A,2.0112466377497014
3754149,2016-05-15 16:00:00,Swansea City,Manchester City,D,0.5037271978662259,0.1724745024556808,0.32379829967809326,A,1.7575058652870967
3754229,2016-05-15 16:00:00,Chelsea,Leicester City,D,0.53158933039734,0.1857067519305836,0.2827039176720764,A,1.6835864519382928
3754092,2016-05-02 21:00:00,Chelsea,Tottenham Hotspur,D,0.5076906899538087,0.1922095270386022,0.300099783007589,A,1.649169215315403
3753990,2016-04-24 15:05:00,Sunderland,Arsenal,D,0.5303771514043976,0.19710134128887555,0.2725215073067268,A,1.62403725972802
3754018,2016-05-01 13:00:00,Swansea City,Liverpool,H,0.6954656993803673,0.10637484096446033,0.19815945965517248,A,1.6186832206155477
3754333,2016-05-15 16:00:00,Newcastle United,Tottenham Hotspur,H,0.6740227691834798,0.1116252173634314,0.21435201345308885,A,1.540135692685842
3754055,2016-05-11 21:00:00,Liverpool,Chelsea,D,0.3772753984989104,0.22212263405447533,0.4006019674466143,H,1.5045256439789034
3754154,2016-04-23 16:00:00,Liverpool,Newcastle United,D,0.21614239324877305,0.23052997428200775,0.5533276324692192,H,1.4673743847309226
