Model,MAE,RMSE,Correlation
Kernel Ridge Nystroem,1.356607414668747,1.7878094605501613,0.3756026975664778
Random Forest,1.4304077691822543,1.8162923257537678,0.29079721709733164
SVR-RBF,1.4067361430251433,1.835594848600718,0.30815626762912984
Kernel Ridge exact,1.4080235531675267,1.8469083351426772,0.34257578153475193
NGBoost,1.464201789874889,1.8664979526700842,0.25520119603161756
XGBoost,1.4606007470992273,1.8729939327805665,0.25120150858495577
LightGBM,1.4862493054965658,1.8909198657767006,0.23099517187957228
Dummy,1.456781569374675,1.8999867369336922,
GBM,1.538946304193193,1.9528275995322617,0.164638530664064
