Margin model,RPS,LogLoss,Brier,ECE,Accuracy,MacroPrecision,MacroRecall,MacroF1,F1_Away,F1_Draw,F1_Home
De-vigged market,0.17484751790883699,0.9611379435909696,0.5736071648100245,0.1412502669745697,0.5217391304347826,0.30357142857142855,0.48888888888888893,0.36725146198830405,0.4,0.0,0.7017543859649122
Kernel Ridge Nystroem,0.1882536684831632,1.0172160880057861,0.6027592595881677,0.0938294056338719,0.5217391304347826,0.27124183006535946,0.40444444444444444,0.322661644695543,0.2222222222222222,0.0,0.7457627118644068
Random Forest,0.19451907748658562,1.0307987355057608,0.6172323517629734,0.08574384801944472,0.5434782608695652,0.31666666666666665,0.5022222222222222,0.3757575757575758,0.36363636363636365,0.0,0.7636363636363637
SVR-RBF,0.19671811647701828,1.039028365007334,0.6204646410572667,0.0455239344565638,0.4782608695652174,0.25949820788530464,0.37777777777777777,0.30158730158730157,0.19047619047619047,0.0,0.7142857142857143
NGBoost,0.20077452206150245,1.0595883949954459,0.6348108740218326,0.10922957539235074,0.45652173913043476,0.25760649087221094,0.3644444444444444,0.29253891572732155,0.17391304347826086,0.0,0.7037037037037037
XGBoost,0.20107321428963618,1.0599406645346354,0.6330204306123808,0.17850830167612997,0.4782608695652174,0.28719948018193636,0.42,0.3235897435897436,0.24,0.0,0.7307692307692307
Kernel Ridge exact,0.20138762743161998,1.0546124559900758,0.6297810707528229,0.13307157240257164,0.43478260869565216,0.23194444444444443,0.3088888888888889,0.2606060606060606,0.09090909090909091,0.0,0.6909090909090909
Dummy,0.20679805839887305,1.075995225046006,0.6441452657220367,0.10080460758227938,0.5434782608695652,0.18115942028985507,0.3333333333333333,0.23474178403755866,0.0,0.0,0.704225352112676
LightGBM,0.20696280495394573,1.080161767208658,0.6466367647793895,0.1292261471818337,0.45652173913043476,0.27485380116959063,0.4066666666666667,0.31076923076923074,0.24,0.0,0.6923076923076923
GBM,0.21410761551026752,1.1020345440276302,0.6626967563264831,0.10436800250584266,0.4782608695652174,0.28719948018193636,0.42,0.3235897435897436,0.24,0.0,0.7307692307692307
Direct categorical NGBoost,0.2142494383233472,1.10600713095796,0.6647512306345477,0.14699597693912494,0.5,0.2817204301075269,0.43333333333333335,0.3333333333333333,0.2857142857142857,0.0,0.7142857142857143
