match_id,kickoff,home_team_name,away_team_name,label_margin,predicted_margin,predicted_sigma,lower_80,upper_80,absolute_error,inside_80
3754333,2016-05-15 16:00:00,Newcastle United,Tottenham Hotspur,4,-1.091674030476998,1.6461079009103676,-3.2012461879440157,1.0178981269900196,5.091674030476998,False
3754294,2016-04-20 21:00:00,Liverpool,Everton,4,-0.0033272136524720736,1.1822636379378466,-1.518459029738174,1.51180460243323,4.003327213652472,False
3754158,2016-05-07 16:00:00,West Ham United,Swansea City,-3,0.5423416848283924,1.0046180568134255,-0.7451281586552274,1.8298115283120122,3.5423416848283926,False
3754018,2016-05-01 13:00:00,Swansea City,Liverpool,2,-1.4614485900041008,2.322668979544303,-4.438068656980982,1.5151714769727802,3.4614485900041005,False
3754307,2016-04-23 13:45:00,Manchester City,Stoke City,4,0.793254021849599,1.2844303870525742,-0.8528097515106844,2.4393177952098823,3.206745978150401,False
3754228,2016-04-24 17:15:00,Leicester City,Swansea City,4,0.8210742640784583,1.5624961110700235,-1.1813450732206803,2.8234936013775966,3.178925735921542,False
3754192,2016-04-30 16:00:00,West Bromwich Albion,West Ham United,-3,0.007816571721808002,1.7886887460657745,-2.2844802910707935,2.30011343451441,3.007816571721808,False
3753989,2016-05-11 20:45:00,Sunderland,Everton,3,0.42793782568398026,1.9958636880610001,-2.1298644083642144,2.985740059732175,2.5720621743160197,False
3754041,2016-05-15 16:00:00,Arsenal,Aston Villa,4,1.5974316701730047,2.335960364358103,-1.396221991820257,4.591085332166267,2.4025683298269955,True
3754123,2016-05-15 16:00:00,Everton,Norwich City,3,0.6602749417293172,1.6497963033909797,-1.454024093711087,2.7745739771697213,2.339725058270683,False
