match_id,snapshot_id,snapshot_rank,label_outcome,p_away,p_draw,p_home,predicted,case_log_loss
3753992,M25,25.0,A,0.040077061270534876,0.1784520661703439,0.7814708725591213,H,3.2169511464871285
3753992,M30,30.0,A,0.040077061270534876,0.1784520661703439,0.7814708725591213,H,3.2169511464871285
3754026,M30,30.0,H,0.8988625828672219,0.0607912737683729,0.04034614336440525,A,3.2102594684028403
3754026,M35,35.0,H,0.8988625828672219,0.0607912737683729,0.04034614336440525,A,3.2102594684028403
3754026,M40,40.0,H,0.8988625828672219,0.0607912737683729,0.04034614336440525,A,3.2102594684028403
3754026,M45,45.0,H,0.8988625828672219,0.0607912737683729,0.04034614336440525,A,3.2102594684028403
3754026,HT,45.5,H,0.8988625828672219,0.0607912737683729,0.04034614336440525,A,3.2102594684028403
3753992,M20,20.0,A,0.0403972205252896,0.17761611578188655,0.7819866636928239,H,3.208994295260754
3754225,M40,40.0,D,0.90020963330615,0.0605503803294312,0.03923998636441884,A,2.8042795277569956
3754225,M45,45.0,D,0.90020963330615,0.0605503803294312,0.03923998636441884,A,2.8042795277569956
