Task,Model,Candidate,SelectionCriterion,validation_RPS,TrainSeconds,PeakRSSMB,PeakDeltaMB,Parameters,Selected,validation_RMSE,validation_NLL,validation_MinSigma,validation_MedianSigma,validation_Coverage80Raw
C,Dummy,1,validation_RPS,0.23374469215805072,0.006167400046251714,390.6953125,1.15625,"{'memory': None, 'steps': [('prep', SimpleImputer(add_indicator=True, strategy='median')), ('model', DummyClassifier())], 'transform_input': None, 'verbose': False, 'prep': SimpleImputer(add_indicator=True, strategy='median'), 'model': DummyClassifier(), 'prep__add_indicator': True, 'prep__copy': True, 'prep__fill_value': None, 'prep__keep_empty_features': False, 'prep__missing_values': nan, 'prep__strategy': 'median', 'model__constant': None, 'model__random_state': None, 'model__strategy': 'prior'}",True,,,,,
C,SVC-RBF,1,validation_RPS,0.22616547050616578,0.035067099961452186,392.40234375,1.109375,"{'memory': None, 'steps': [('prep', Pipeline(steps=[('imputer',
                 SimpleImputer(add_indicator=True, strategy='median')),
                ('scaler', StandardScaler())])), ('model', SVC(C=0.5, probability=True, random_state=42))], 'transform_input': None, 'verbose': False, 'prep': Pipeline(steps=[('imputer',
                 SimpleImputer(add_indicator=True, strategy='median')),
                ('scaler', StandardScaler())]), 'model': SVC(C=0.5, probability=True, random_state=42), 'prep__memory': None, 'prep__steps': [('imputer', SimpleImputer(add_indicator=True, strategy='median')), ('scaler', StandardScaler())], 'prep__transform_input': None, 'prep__verbose': False, 'prep__imputer': SimpleImputer(add_indicator=True, strategy='median'), 'prep__scaler': StandardScaler(), 'prep__imputer__add_indicator': True, 'prep__imputer__copy': True, 'prep__imputer__fill_value': None, 'prep__imputer__keep_empty_features': False, 'prep__imputer__missing_values': nan, 'prep__imputer__strategy': 'median', 'prep__scaler__copy': True, 'prep__scaler__with_mean': True, 'prep__scaler__with_std': True, 'model__C': 0.5, 'model__break_ties': False, 'model__cache_size': 200, 'model__class_weight': None, 'model__coef0': 0.0, 'model__decision_function_shape': 'ovr', 'model__degree': 3, 'model__gamma': 'scale', 'model__kernel': 'rbf', 'model__max_iter': -1, 'model__probability': True, 'model__random_state': 42, 'model__shrinking': True, 'model__tol': 0.001, 'model__verbose': False}",True,,,,,
C,SVC-RBF,2,validation_RPS,0.22798116917177755,0.033434799988754094,392.7578125,0.1484375,"{'memory': None, 'steps': [('prep', Pipeline(steps=[('imputer',
                 SimpleImputer(add_indicator=True, strategy='median')),
                ('scaler', StandardScaler())])), ('model', SVC(probability=True, random_state=42))], 'transform_input': None, 'verbose': False, 'prep': Pipeline(steps=[('imputer',
                 SimpleImputer(add_indicator=True, strategy='median')),
                ('scaler', StandardScaler())]), 'model': SVC(probability=True, random_state=42), 'prep__memory': None, 'prep__steps': [('imputer', SimpleImputer(add_indicator=True, strategy='median')), ('scaler', StandardScaler())], 'prep__transform_input': None, 'prep__verbose': False, 'prep__imputer': SimpleImputer(add_indicator=True, strategy='median'), 'prep__scaler': StandardScaler(), 'prep__imputer__add_indicator': True, 'prep__imputer__copy': True, 'prep__imputer__fill_value': None, 'prep__imputer__keep_empty_features': False, 'prep__imputer__missing_values': nan, 'prep__imputer__strategy': 'median', 'prep__scaler__copy': True, 'prep__scaler__with_mean': True, 'prep__scaler__with_std': True, 'model__C': 1.0, 'model__break_ties': False, 'model__cache_size': 200, 'model__class_weight': None, 'model__coef0': 0.0, 'model__decision_function_shape': 'ovr', 'model__degree': 3, 'model__gamma': 'scale', 'model__kernel': 'rbf', 'model__max_iter': -1, 'model__probability': True, 'model__random_state': 42, 'model__shrinking': True, 'model__tol': 0.001, 'model__verbose': False}",False,,,,,
C,SVC-RBF,3,validation_RPS,0.2291789322284223,0.03429760003928095,393.44140625,0.69921875,"{'memory': None, 'steps': [('prep', Pipeline(steps=[('imputer',
                 SimpleImputer(add_indicator=True, strategy='median')),
                ('scaler', StandardScaler())])), ('model', SVC(C=2.0, probability=True, random_state=42))], 'transform_input': None, 'verbose': False, 'prep': Pipeline(steps=[('imputer',
                 SimpleImputer(add_indicator=True, strategy='median')),
                ('scaler', StandardScaler())]), 'model': SVC(C=2.0, probability=True, random_state=42), 'prep__memory': None, 'prep__steps': [('imputer', SimpleImputer(add_indicator=True, strategy='median')), ('scaler', StandardScaler())], 'prep__transform_input': None, 'prep__verbose': False, 'prep__imputer': SimpleImputer(add_indicator=True, strategy='median'), 'prep__scaler': StandardScaler(), 'prep__imputer__add_indicator': True, 'prep__imputer__copy': True, 'prep__imputer__fill_value': None, 'prep__imputer__keep_empty_features': False, 'prep__imputer__missing_values': nan, 'prep__imputer__strategy': 'median', 'prep__scaler__copy': True, 'prep__scaler__with_mean': True, 'prep__scaler__with_std': True, 'model__C': 2.0, 'model__break_ties': False, 'model__cache_size': 200, 'model__class_weight': None, 'model__coef0': 0.0, 'model__decision_function_shape': 'ovr', 'model__degree': 3, 'model__gamma': 'scale', 'model__kernel': 'rbf', 'model__max_iter': -1, 'model__probability': True, 'model__random_state': 42, 'model__shrinking': True, 'model__tol': 0.001, 'model__verbose': False}",False,,,,,
C,Random Forest,1,validation_RPS,0.21205265286069033,0.29868670005816966,395.609375,1.98046875,"{'memory': None, 'steps': [('prep', SimpleImputer(add_indicator=True, strategy='median')), ('model', RandomForestClassifier(min_samples_leaf=4, n_estimators=250, n_jobs=-1,
                       random_state=42))], 'transform_input': None, 'verbose': False, 'prep': SimpleImputer(add_indicator=True, strategy='median'), 'model': RandomForestClassifier(min_samples_leaf=4, n_estimators=250, n_jobs=-1,
                       random_state=42), 'prep__add_indicator': True, 'prep__copy': True, 'prep__fill_value': None, 'prep__keep_empty_features': False, 'prep__missing_values': nan, 'prep__strategy': 'median', 'model__bootstrap': True, 'model__ccp_alpha': 0.0, 'model__class_weight': None, 'model__criterion': 'gini', 'model__max_depth': None, 'model__max_features': 'sqrt', 'model__max_leaf_nodes': None, 'model__max_samples': None, 'model__min_impurity_decrease': 0.0, 'model__min_samples_leaf': 4, 'model__min_samples_split': 2, 'model__min_weight_fraction_leaf': 0.0, 'model__monotonic_cst': None, 'model__n_estimators': 250, 'model__n_jobs': -1, 'model__oob_score': False, 'model__random_state': 42, 'model__verbose': 0, 'model__warm_start': False}",True,,,,,
C,Random Forest,2,validation_RPS,0.21304405818993058,0.4365358999930322,397.83203125,2.65625,"{'memory': None, 'steps': [('prep', SimpleImputer(add_indicator=True, strategy='median')), ('model', RandomForestClassifier(max_depth=8, min_samples_leaf=3, n_estimators=400,
                       n_jobs=-1, random_state=42))], 'transform_input': None, 'verbose': False, 'prep': SimpleImputer(add_indicator=True, strategy='median'), 'model': RandomForestClassifier(max_depth=8, min_samples_leaf=3, n_estimators=400,
                       n_jobs=-1, random_state=42), 'prep__add_indicator': True, 'prep__copy': True, 'prep__fill_value': None, 'prep__keep_empty_features': False, 'prep__missing_values': nan, 'prep__strategy': 'median', 'model__bootstrap': True, 'model__ccp_alpha': 0.0, 'model__class_weight': None, 'model__criterion': 'gini', 'model__max_depth': 8, 'model__max_features': 'sqrt', 'model__max_leaf_nodes': None, 'model__max_samples': None, 'model__min_impurity_decrease': 0.0, 'model__min_samples_leaf': 3, 'model__min_samples_split': 2, 'model__min_weight_fraction_leaf': 0.0, 'model__monotonic_cst': None, 'model__n_estimators': 400, 'model__n_jobs': -1, 'model__oob_score': False, 'model__random_state': 42, 'model__verbose': 0, 'model__warm_start': False}",False,,,,,
C,Random Forest,3,validation_RPS,0.21425880300620667,0.6357503000181168,403.4375,6.1484375,"{'memory': None, 'steps': [('prep', SimpleImputer(add_indicator=True, strategy='median')), ('model', RandomForestClassifier(max_depth=12, min_samples_leaf=2, n_estimators=600,
                       n_jobs=-1, random_state=42))], 'transform_input': None, 'verbose': False, 'prep': SimpleImputer(add_indicator=True, strategy='median'), 'model': RandomForestClassifier(max_depth=12, min_samples_leaf=2, n_estimators=600,
                       n_jobs=-1, random_state=42), 'prep__add_indicator': True, 'prep__copy': True, 'prep__fill_value': None, 'prep__keep_empty_features': False, 'prep__missing_values': nan, 'prep__strategy': 'median', 'model__bootstrap': True, 'model__ccp_alpha': 0.0, 'model__class_weight': None, 'model__criterion': 'gini', 'model__max_depth': 12, 'model__max_features': 'sqrt', 'model__max_leaf_nodes': None, 'model__max_samples': None, 'model__min_impurity_decrease': 0.0, 'model__min_samples_leaf': 2, 'model__min_samples_split': 2, 'model__min_weight_fraction_leaf': 0.0, 'model__monotonic_cst': None, 'model__n_estimators': 600, 'model__n_jobs': -1, 'model__oob_score': False, 'model__random_state': 42, 'model__verbose': 0, 'model__warm_start': False}",False,,,,,
C,GBM,1,validation_RPS,0.2527355835662302,2.7765422000084072,398.8828125,1.14453125,"{'memory': None, 'steps': [('prep', SimpleImputer(add_indicator=True, strategy='median')), ('model', GradientBoostingClassifier(learning_rate=0.03, max_depth=2, min_samples_leaf=8,
                           n_estimators=250, random_state=42))], 'transform_input': None, 'verbose': False, 'prep': SimpleImputer(add_indicator=True, strategy='median'), 'model': GradientBoostingClassifier(learning_rate=0.03, max_depth=2, min_samples_leaf=8,
                           n_estimators=250, random_state=42), 'prep__add_indicator': True, 'prep__copy': True, 'prep__fill_value': None, 'prep__keep_empty_features': False, 'prep__missing_values': nan, 'prep__strategy': 'median', 'model__ccp_alpha': 0.0, 'model__criterion': 'friedman_mse', 'model__init': None, 'model__learning_rate': 0.03, 'model__loss': 'log_loss', 'model__max_depth': 2, 'model__max_features': None, 'model__max_leaf_nodes': None, 'model__min_impurity_decrease': 0.0, 'model__min_samples_leaf': 8, 'model__min_samples_split': 2, 'model__min_weight_fraction_leaf': 0.0, 'model__n_estimators': 250, 'model__n_iter_no_change': None, 'model__random_state': 42, 'model__subsample': 1.0, 'model__tol': 0.0001, 'model__validation_fraction': 0.1, 'model__verbose': 0, 'model__warm_start': False}",True,,,,,
C,GBM,2,validation_RPS,0.30885531021591617,6.588753500021994,399.0625,0.1875,"{'memory': None, 'steps': [('prep', SimpleImputer(add_indicator=True, strategy='median')), ('model', GradientBoostingClassifier(learning_rate=0.05, min_samples_leaf=6,
                           n_estimators=400, random_state=42))], 'transform_input': None, 'verbose': False, 'prep': SimpleImputer(add_indicator=True, strategy='median'), 'model': GradientBoostingClassifier(learning_rate=0.05, min_samples_leaf=6,
                           n_estimators=400, random_state=42), 'prep__add_indicator': True, 'prep__copy': True, 'prep__fill_value': None, 'prep__keep_empty_features': False, 'prep__missing_values': nan, 'prep__strategy': 'median', 'model__ccp_alpha': 0.0, 'model__criterion': 'friedman_mse', 'model__init': None, 'model__learning_rate': 0.05, 'model__loss': 'log_loss', 'model__max_depth': 3, 'model__max_features': None, 'model__max_leaf_nodes': None, 'model__min_impurity_decrease': 0.0, 'model__min_samples_leaf': 6, 'model__min_samples_split': 2, 'model__min_weight_fraction_leaf': 0.0, 'model__n_estimators': 400, 'model__n_iter_no_change': None, 'model__random_state': 42, 'model__subsample': 1.0, 'model__tol': 0.0001, 'model__validation_fraction': 0.1, 'model__verbose': 0, 'model__warm_start': False}",False,,,,,
C,GBM,3,validation_RPS,0.3824952626502987,12.85942100000102,400.5390625,1.49609375,"{'memory': None, 'steps': [('prep', SimpleImputer(add_indicator=True, strategy='median')), ('model', GradientBoostingClassifier(learning_rate=0.08, max_depth=4, min_samples_leaf=4,
                           n_estimators=600, random_state=42))], 'transform_input': None, 'verbose': False, 'prep': SimpleImputer(add_indicator=True, strategy='median'), 'model': GradientBoostingClassifier(learning_rate=0.08, max_depth=4, min_samples_leaf=4,
                           n_estimators=600, random_state=42), 'prep__add_indicator': True, 'prep__copy': True, 'prep__fill_value': None, 'prep__keep_empty_features': False, 'prep__missing_values': nan, 'prep__strategy': 'median', 'model__ccp_alpha': 0.0, 'model__criterion': 'friedman_mse', 'model__init': None, 'model__learning_rate': 0.08, 'model__loss': 'log_loss', 'model__max_depth': 4, 'model__max_features': None, 'model__max_leaf_nodes': None, 'model__min_impurity_decrease': 0.0, 'model__min_samples_leaf': 4, 'model__min_samples_split': 2, 'model__min_weight_fraction_leaf': 0.0, 'model__n_estimators': 600, 'model__n_iter_no_change': None, 'model__random_state': 42, 'model__subsample': 1.0, 'model__tol': 0.0001, 'model__validation_fraction': 0.1, 'model__verbose': 0, 'model__warm_start': False}",False,,,,,
C,XGBoost,1,validation_RPS,0.23349968749714936,0.2942537000635639,407.92578125,7.36328125,"{'memory': None, 'steps': [('prep', SimpleImputer(add_indicator=True, strategy='median')), ('model', XGBClassifier(base_score=None, booster=None, callbacks=None,
              colsample_bylevel=None, colsample_bynode=None,
              colsample_bytree=0.8, device=None, early_stopping_rounds=None,
              enable_categorical=False, eval_metric='mlogloss',
              feature_types=None, feature_weights=None, gamma=None,
              grow_policy=None, importance_type=None,
              interaction_constraints=None, learning_rate=0.03, max_bin=None,
              max_cat_threshold=None, max_cat_to_onehot=None,
              max_delta_step=None, max_depth=2, max_leaves=None,
              min_child_weight=8, missing=nan, monotone_constraints=None,
              multi_strategy=None, n_estimators=250, n_jobs=-1,
              num_parallel_tree=None, ...))], 'transform_input': None, 'verbose': False, 'prep': SimpleImputer(add_indicator=True, strategy='median'), 'model': XGBClassifier(base_score=None, booster=None, callbacks=None,
              colsample_bylevel=None, colsample_bynode=None,
              colsample_bytree=0.8, device=None, early_stopping_rounds=None,
              enable_categorical=False, eval_metric='mlogloss',
              feature_types=None, feature_weights=None, gamma=None,
              grow_policy=None, importance_type=None,
              interaction_constraints=None, learning_rate=0.03, max_bin=None,
              max_cat_threshold=None, max_cat_to_onehot=None,
              max_delta_step=None, max_depth=2, max_leaves=None,
              min_child_weight=8, missing=nan, monotone_constraints=None,
              multi_strategy=None, n_estimators=250, n_jobs=-1,
              num_parallel_tree=None, ...), 'prep__add_indicator': True, 'prep__copy': True, 'prep__fill_value': None, 'prep__keep_empty_features': False, 'prep__missing_values': nan, 'prep__strategy': 'median', 'model__objective': 'multi:softprob', 'model__base_score': None, 'model__booster': None, 'model__callbacks': None, 'model__colsample_bylevel': None, 'model__colsample_bynode': None, 'model__colsample_bytree': 0.8, 'model__device': None, 'model__early_stopping_rounds': None, 'model__enable_categorical': False, 'model__eval_metric': 'mlogloss', 'model__feature_types': None, 'model__feature_weights': None, 'model__gamma': None, 'model__grow_policy': None, 'model__importance_type': None, 'model__interaction_constraints': None, 'model__learning_rate': 0.03, 'model__max_bin': None, 'model__max_cat_threshold': None, 'model__max_cat_to_onehot': None, 'model__max_delta_step': None, 'model__max_depth': 2, 'model__max_leaves': None, 'model__min_child_weight': 8, 'model__missing': nan, 'model__monotone_constraints': None, 'model__multi_strategy': None, 'model__n_estimators': 250, 'model__n_jobs': -1, 'model__num_parallel_tree': None, 'model__random_state': 42, 'model__reg_alpha': None, 'model__reg_lambda': 2.0, 'model__sampling_method': None, 'model__scale_pos_weight': None, 'model__subsample': 0.8, 'model__tree_method': 'hist', 'model__validate_parameters': None, 'model__verbosity': None}",True,,,,,
C,XGBoost,2,validation_RPS,0.26905660698326,0.6521632999647409,414.92578125,7.1484375,"{'memory': None, 'steps': [('prep', SimpleImputer(add_indicator=True, strategy='median')), ('model', XGBClassifier(base_score=None, booster=None, callbacks=None,
              colsample_bylevel=None, colsample_bynode=None,
              colsample_bytree=0.8, device=None, early_stopping_rounds=None,
              enable_categorical=False, eval_metric='mlogloss',
              feature_types=None, feature_weights=None, gamma=None,
              grow_policy=None, importance_type=None,
              interaction_constraints=None, learning_rate=0.05, max_bin=None,
              max_cat_threshold=None, max_cat_to_onehot=None,
              max_delta_step=None, max_depth=3, max_leaves=None,
              min_child_weight=5, missing=nan, monotone_constraints=None,
              multi_strategy=None, n_estimators=400, n_jobs=-1,
              num_parallel_tree=None, ...))], 'transform_input': None, 'verbose': False, 'prep': SimpleImputer(add_indicator=True, strategy='median'), 'model': XGBClassifier(base_score=None, booster=None, callbacks=None,
              colsample_bylevel=None, colsample_bynode=None,
              colsample_bytree=0.8, device=None, early_stopping_rounds=None,
              enable_categorical=False, eval_metric='mlogloss',
              feature_types=None, feature_weights=None, gamma=None,
              grow_policy=None, importance_type=None,
              interaction_constraints=None, learning_rate=0.05, max_bin=None,
              max_cat_threshold=None, max_cat_to_onehot=None,
              max_delta_step=None, max_depth=3, max_leaves=None,
              min_child_weight=5, missing=nan, monotone_constraints=None,
              multi_strategy=None, n_estimators=400, n_jobs=-1,
              num_parallel_tree=None, ...), 'prep__add_indicator': True, 'prep__copy': True, 'prep__fill_value': None, 'prep__keep_empty_features': False, 'prep__missing_values': nan, 'prep__strategy': 'median', 'model__objective': 'multi:softprob', 'model__base_score': None, 'model__booster': None, 'model__callbacks': None, 'model__colsample_bylevel': None, 'model__colsample_bynode': None, 'model__colsample_bytree': 0.8, 'model__device': None, 'model__early_stopping_rounds': None, 'model__enable_categorical': False, 'model__eval_metric': 'mlogloss', 'model__feature_types': None, 'model__feature_weights': None, 'model__gamma': None, 'model__grow_policy': None, 'model__importance_type': None, 'model__interaction_constraints': None, 'model__learning_rate': 0.05, 'model__max_bin': None, 'model__max_cat_threshold': None, 'model__max_cat_to_onehot': None, 'model__max_delta_step': None, 'model__max_depth': 3, 'model__max_leaves': None, 'model__min_child_weight': 5, 'model__missing': nan, 'model__monotone_constraints': None, 'model__multi_strategy': None, 'model__n_estimators': 400, 'model__n_jobs': -1, 'model__num_parallel_tree': None, 'model__random_state': 42, 'model__reg_alpha': None, 'model__reg_lambda': 2.0, 'model__sampling_method': None, 'model__scale_pos_weight': None, 'model__subsample': 0.8, 'model__tree_method': 'hist', 'model__validate_parameters': None, 'model__verbosity': None}",False,,,,,
C,XGBoost,3,validation_RPS,0.2825938861090273,0.915223199990578,421.515625,11.265625,"{'memory': None, 'steps': [('prep', SimpleImputer(add_indicator=True, strategy='median')), ('model', XGBClassifier(base_score=None, booster=None, callbacks=None,
              colsample_bylevel=None, colsample_bynode=None,
              colsample_bytree=0.8, device=None, early_stopping_rounds=None,
              enable_categorical=False, eval_metric='mlogloss',
              feature_types=None, feature_weights=None, gamma=None,
              grow_policy=None, importance_type=None,
              interaction_constraints=None, learning_rate=0.08, max_bin=None,
              max_cat_threshold=None, max_cat_to_onehot=None,
              max_delta_step=None, max_depth=4, max_leaves=None,
              min_child_weight=3, missing=nan, monotone_constraints=None,
              multi_strategy=None, n_estimators=600, n_jobs=-1,
              num_parallel_tree=None, ...))], 'transform_input': None, 'verbose': False, 'prep': SimpleImputer(add_indicator=True, strategy='median'), 'model': XGBClassifier(base_score=None, booster=None, callbacks=None,
              colsample_bylevel=None, colsample_bynode=None,
              colsample_bytree=0.8, device=None, early_stopping_rounds=None,
              enable_categorical=False, eval_metric='mlogloss',
              feature_types=None, feature_weights=None, gamma=None,
              grow_policy=None, importance_type=None,
              interaction_constraints=None, learning_rate=0.08, max_bin=None,
              max_cat_threshold=None, max_cat_to_onehot=None,
              max_delta_step=None, max_depth=4, max_leaves=None,
              min_child_weight=3, missing=nan, monotone_constraints=None,
              multi_strategy=None, n_estimators=600, n_jobs=-1,
              num_parallel_tree=None, ...), 'prep__add_indicator': True, 'prep__copy': True, 'prep__fill_value': None, 'prep__keep_empty_features': False, 'prep__missing_values': nan, 'prep__strategy': 'median', 'model__objective': 'multi:softprob', 'model__base_score': None, 'model__booster': None, 'model__callbacks': None, 'model__colsample_bylevel': None, 'model__colsample_bynode': None, 'model__colsample_bytree': 0.8, 'model__device': None, 'model__early_stopping_rounds': None, 'model__enable_categorical': False, 'model__eval_metric': 'mlogloss', 'model__feature_types': None, 'model__feature_weights': None, 'model__gamma': None, 'model__grow_policy': None, 'model__importance_type': None, 'model__interaction_constraints': None, 'model__learning_rate': 0.08, 'model__max_bin': None, 'model__max_cat_threshold': None, 'model__max_cat_to_onehot': None, 'model__max_delta_step': None, 'model__max_depth': 4, 'model__max_leaves': None, 'model__min_child_weight': 3, 'model__missing': nan, 'model__monotone_constraints': None, 'model__multi_strategy': None, 'model__n_estimators': 600, 'model__n_jobs': -1, 'model__num_parallel_tree': None, 'model__random_state': 42, 'model__reg_alpha': None, 'model__reg_lambda': 2.0, 'model__sampling_method': None, 'model__scale_pos_weight': None, 'model__subsample': 0.8, 'model__tree_method': 'hist', 'model__validate_parameters': None, 'model__verbosity': None}",False,,,,,
C,LightGBM,1,validation_RPS,0.2418828132167905,0.06439630000386387,413.20703125,4.015625,"{'memory': None, 'steps': [('prep', SimpleImputer(add_indicator=True, strategy='median')), ('model', LGBMClassifier(colsample_bytree=0.8, learning_rate=0.03, max_depth=2,
               n_estimators=250, n_jobs=-1, num_leaves=7, random_state=42,
               reg_lambda=2.0, subsample=0.8, verbosity=-1))], 'transform_input': None, 'verbose': False, 'prep': SimpleImputer(add_indicator=True, strategy='median'), 'model': LGBMClassifier(colsample_bytree=0.8, learning_rate=0.03, max_depth=2,
               n_estimators=250, n_jobs=-1, num_leaves=7, random_state=42,
               reg_lambda=2.0, subsample=0.8, verbosity=-1), 'prep__add_indicator': True, 'prep__copy': True, 'prep__fill_value': None, 'prep__keep_empty_features': False, 'prep__missing_values': nan, 'prep__strategy': 'median', 'model__boosting_type': 'gbdt', 'model__class_weight': None, 'model__colsample_bytree': 0.8, 'model__importance_type': 'split', 'model__learning_rate': 0.03, 'model__max_depth': 2, 'model__min_child_samples': 20, 'model__min_child_weight': 0.001, 'model__min_split_gain': 0.0, 'model__n_estimators': 250, 'model__n_jobs': -1, 'model__num_leaves': 7, 'model__objective': None, 'model__random_state': 42, 'model__reg_alpha': 0.0, 'model__reg_lambda': 2.0, 'model__subsample': 0.8, 'model__subsample_for_bin': 200000, 'model__subsample_freq': 0, 'model__verbosity': -1}",True,,,,,
C,LightGBM,2,validation_RPS,0.291186238844571,0.1416606999700889,417.2109375,4.46875,"{'memory': None, 'steps': [('prep', SimpleImputer(add_indicator=True, strategy='median')), ('model', LGBMClassifier(colsample_bytree=0.8, learning_rate=0.05, max_depth=3,
               min_child_samples=15, n_estimators=400, n_jobs=-1, num_leaves=15,
               random_state=42, reg_lambda=2.0, subsample=0.8, verbosity=-1))], 'transform_input': None, 'verbose': False, 'prep': SimpleImputer(add_indicator=True, strategy='median'), 'model': LGBMClassifier(colsample_bytree=0.8, learning_rate=0.05, max_depth=3,
               min_child_samples=15, n_estimators=400, n_jobs=-1, num_leaves=15,
               random_state=42, reg_lambda=2.0, subsample=0.8, verbosity=-1), 'prep__add_indicator': True, 'prep__copy': True, 'prep__fill_value': None, 'prep__keep_empty_features': False, 'prep__missing_values': nan, 'prep__strategy': 'median', 'model__boosting_type': 'gbdt', 'model__class_weight': None, 'model__colsample_bytree': 0.8, 'model__importance_type': 'split', 'model__learning_rate': 0.05, 'model__max_depth': 3, 'model__min_child_samples': 15, 'model__min_child_weight': 0.001, 'model__min_split_gain': 0.0, 'model__n_estimators': 400, 'model__n_jobs': -1, 'model__num_leaves': 15, 'model__objective': None, 'model__random_state': 42, 'model__reg_alpha': 0.0, 'model__reg_lambda': 2.0, 'model__subsample': 0.8, 'model__subsample_for_bin': 200000, 'model__subsample_freq': 0, 'model__verbosity': -1}",False,,,,,
C,LightGBM,3,validation_RPS,0.3159609479784047,0.4356471999781206,424.53125,9.21875,"{'memory': None, 'steps': [('prep', SimpleImputer(add_indicator=True, strategy='median')), ('model', LGBMClassifier(colsample_bytree=0.8, learning_rate=0.08, max_depth=4,
               min_child_samples=10, n_estimators=600, n_jobs=-1,
               random_state=42, reg_lambda=2.0, subsample=0.8, verbosity=-1))], 'transform_input': None, 'verbose': False, 'prep': SimpleImputer(add_indicator=True, strategy='median'), 'model': LGBMClassifier(colsample_bytree=0.8, learning_rate=0.08, max_depth=4,
               min_child_samples=10, n_estimators=600, n_jobs=-1,
               random_state=42, reg_lambda=2.0, subsample=0.8, verbosity=-1), 'prep__add_indicator': True, 'prep__copy': True, 'prep__fill_value': None, 'prep__keep_empty_features': False, 'prep__missing_values': nan, 'prep__strategy': 'median', 'model__boosting_type': 'gbdt', 'model__class_weight': None, 'model__colsample_bytree': 0.8, 'model__importance_type': 'split', 'model__learning_rate': 0.08, 'model__max_depth': 4, 'model__min_child_samples': 10, 'model__min_child_weight': 0.001, 'model__min_split_gain': 0.0, 'model__n_estimators': 600, 'model__n_jobs': -1, 'model__num_leaves': 31, 'model__objective': None, 'model__random_state': 42, 'model__reg_alpha': 0.0, 'model__reg_lambda': 2.0, 'model__subsample': 0.8, 'model__subsample_for_bin': 200000, 'model__subsample_freq': 0, 'model__verbosity': -1}",False,,,,,
C,NGBoost,1,validation_RPS,0.2651980343824928,1.638268000097014,411.7734375,2.5625,"{'memory': None, 'steps': [('prep', SimpleImputer(add_indicator=True, strategy='median')), ('model', NGBClassifier(Base=DecisionTreeRegressor(max_depth=2, min_samples_leaf=12,
                                         random_state=42),
              col_sample=0.8, learning_rate=0.02, minibatch_frac=0.8,
              n_estimators=250,
              random_state=RandomState(MT19937) at 0x23ACB3C0F40,
              verbose=False))], 'transform_input': None, 'verbose': False, 'prep': SimpleImputer(add_indicator=True, strategy='median'), 'model': NGBClassifier(Base=DecisionTreeRegressor(max_depth=2, min_samples_leaf=12,
                                         random_state=42),
              col_sample=0.8, learning_rate=0.02, minibatch_frac=0.8,
              n_estimators=250,
              random_state=RandomState(MT19937) at 0x23ACB3C0F40,
              verbose=False), 'prep__add_indicator': True, 'prep__copy': True, 'prep__fill_value': None, 'prep__keep_empty_features': False, 'prep__missing_values': nan, 'prep__strategy': 'median', 'model__Dist': <class 'ngboost.distns.categorical.k_categorical.<locals>.Categorical'>, 'model__Score': <class 'ngboost.scores.LogScore'>, 'model__Base': DecisionTreeRegressor(max_depth=2, min_samples_leaf=12, random_state=42), 'model__natural_gradient': True, 'model__n_estimators': 250, 'model__learning_rate': 0.02, 'model__minibatch_frac': 0.8, 'model__col_sample': 0.8, 'model__verbose': False, 'model__verbose_eval': 100, 'model__tol': 0.0001, 'model__random_state': RandomState(MT19937) at 0x23ACB3C0F40, 'model__validation_fraction': 0.1, 'model__early_stopping_rounds': None, 'model__Base__ccp_alpha': 0.0, 'model__Base__criterion': 'squared_error', 'model__Base__max_depth': 2, 'model__Base__max_features': None, 'model__Base__max_leaf_nodes': None, 'model__Base__min_impurity_decrease': 0.0, 'model__Base__min_samples_leaf': 12, 'model__Base__min_samples_split': 2, 'model__Base__min_weight_fraction_leaf': 0.0, 'model__Base__monotonic_cst': None, 'model__Base__random_state': 42, 'model__Base__splitter': 'best'}",True,,,,,
C,NGBoost,2,validation_RPS,0.3068278287416742,3.287731199990958,412.51171875,0.578125,"{'memory': None, 'steps': [('prep', SimpleImputer(add_indicator=True, strategy='median')), ('model', NGBClassifier(Base=DecisionTreeRegressor(max_depth=3, min_samples_leaf=8,
                                         random_state=42),
              col_sample=0.8, learning_rate=0.03, minibatch_frac=0.8,
              n_estimators=400,
              random_state=RandomState(MT19937) at 0x23ACB3C1040,
              verbose=False))], 'transform_input': None, 'verbose': False, 'prep': SimpleImputer(add_indicator=True, strategy='median'), 'model': NGBClassifier(Base=DecisionTreeRegressor(max_depth=3, min_samples_leaf=8,
                                         random_state=42),
              col_sample=0.8, learning_rate=0.03, minibatch_frac=0.8,
              n_estimators=400,
              random_state=RandomState(MT19937) at 0x23ACB3C1040,
              verbose=False), 'prep__add_indicator': True, 'prep__copy': True, 'prep__fill_value': None, 'prep__keep_empty_features': False, 'prep__missing_values': nan, 'prep__strategy': 'median', 'model__Dist': <class 'ngboost.distns.categorical.k_categorical.<locals>.Categorical'>, 'model__Score': <class 'ngboost.scores.LogScore'>, 'model__Base': DecisionTreeRegressor(max_depth=3, min_samples_leaf=8, random_state=42), 'model__natural_gradient': True, 'model__n_estimators': 400, 'model__learning_rate': 0.03, 'model__minibatch_frac': 0.8, 'model__col_sample': 0.8, 'model__verbose': False, 'model__verbose_eval': 100, 'model__tol': 0.0001, 'model__random_state': RandomState(MT19937) at 0x23ACB3C1040, 'model__validation_fraction': 0.1, 'model__early_stopping_rounds': None, 'model__Base__ccp_alpha': 0.0, 'model__Base__criterion': 'squared_error', 'model__Base__max_depth': 3, 'model__Base__max_features': None, 'model__Base__max_leaf_nodes': None, 'model__Base__min_impurity_decrease': 0.0, 'model__Base__min_samples_leaf': 8, 'model__Base__min_samples_split': 2, 'model__Base__min_weight_fraction_leaf': 0.0, 'model__Base__monotonic_cst': None, 'model__Base__random_state': 42, 'model__Base__splitter': 'best'}",False,,,,,
C,NGBoost,3,validation_RPS,0.3834135018812151,6.15437230002135,414.90625,2.23046875,"{'memory': None, 'steps': [('prep', SimpleImputer(add_indicator=True, strategy='median')), ('model', NGBClassifier(Base=DecisionTreeRegressor(max_depth=4, min_samples_leaf=5,
                                         random_state=42),
              col_sample=0.8, learning_rate=0.05, minibatch_frac=0.8,
              n_estimators=600,
              random_state=RandomState(MT19937) at 0x23ACB3C0D40,
              verbose=False))], 'transform_input': None, 'verbose': False, 'prep': SimpleImputer(add_indicator=True, strategy='median'), 'model': NGBClassifier(Base=DecisionTreeRegressor(max_depth=4, min_samples_leaf=5,
                                         random_state=42),
              col_sample=0.8, learning_rate=0.05, minibatch_frac=0.8,
              n_estimators=600,
              random_state=RandomState(MT19937) at 0x23ACB3C0D40,
              verbose=False), 'prep__add_indicator': True, 'prep__copy': True, 'prep__fill_value': None, 'prep__keep_empty_features': False, 'prep__missing_values': nan, 'prep__strategy': 'median', 'model__Dist': <class 'ngboost.distns.categorical.k_categorical.<locals>.Categorical'>, 'model__Score': <class 'ngboost.scores.LogScore'>, 'model__Base': DecisionTreeRegressor(max_depth=4, min_samples_leaf=5, random_state=42), 'model__natural_gradient': True, 'model__n_estimators': 600, 'model__learning_rate': 0.05, 'model__minibatch_frac': 0.8, 'model__col_sample': 0.8, 'model__verbose': False, 'model__verbose_eval': 100, 'model__tol': 0.0001, 'model__random_state': RandomState(MT19937) at 0x23ACB3C0D40, 'model__validation_fraction': 0.1, 'model__early_stopping_rounds': None, 'model__Base__ccp_alpha': 0.0, 'model__Base__criterion': 'squared_error', 'model__Base__max_depth': 4, 'model__Base__max_features': None, 'model__Base__max_leaf_nodes': None, 'model__Base__min_impurity_decrease': 0.0, 'model__Base__min_samples_leaf': 5, 'model__Base__min_samples_split': 2, 'model__Base__min_weight_fraction_leaf': 0.0, 'model__Base__monotonic_cst': None, 'model__Base__random_state': 42, 'model__Base__splitter': 'best'}",False,,,,,
R,Dummy,1,validation_RMSE,,0.00493369996547699,547.609375,0.90234375,"{'memory': None, 'steps': [('prep', SimpleImputer(add_indicator=True, strategy='median')), ('model', DummyRegressor())], 'transform_input': None, 'verbose': False, 'prep': SimpleImputer(add_indicator=True, strategy='median'), 'model': DummyRegressor(), 'prep__add_indicator': True, 'prep__copy': True, 'prep__fill_value': None, 'prep__keep_empty_features': False, 'prep__missing_values': nan, 'prep__strategy': 'median', 'model__constant': None, 'model__quantile': None, 'model__strategy': 'mean'}",True,1.7570270782666226,,,,
R,SVR-RBF,1,validation_RMSE,,0.008722999948076904,547.921875,0.2734375,"{'memory': None, 'steps': [('prep', Pipeline(steps=[('imputer',
                 SimpleImputer(add_indicator=True, strategy='median')),
                ('scaler', StandardScaler())])), ('model', SVR(C=0.5, epsilon=0.2))], 'transform_input': None, 'verbose': False, 'prep': Pipeline(steps=[('imputer',
                 SimpleImputer(add_indicator=True, strategy='median')),
                ('scaler', StandardScaler())]), 'model': SVR(C=0.5, epsilon=0.2), 'prep__memory': None, 'prep__steps': [('imputer', SimpleImputer(add_indicator=True, strategy='median')), ('scaler', StandardScaler())], 'prep__transform_input': None, 'prep__verbose': False, 'prep__imputer': SimpleImputer(add_indicator=True, strategy='median'), 'prep__scaler': StandardScaler(), 'prep__imputer__add_indicator': True, 'prep__imputer__copy': True, 'prep__imputer__fill_value': None, 'prep__imputer__keep_empty_features': False, 'prep__imputer__missing_values': nan, 'prep__imputer__strategy': 'median', 'prep__scaler__copy': True, 'prep__scaler__with_mean': True, 'prep__scaler__with_std': True, 'model__C': 0.5, 'model__cache_size': 200, 'model__coef0': 0.0, 'model__degree': 3, 'model__epsilon': 0.2, 'model__gamma': 'scale', 'model__kernel': 'rbf', 'model__max_iter': -1, 'model__shrinking': True, 'model__tol': 0.001, 'model__verbose': False}",True,1.6323681539388348,,,,
R,SVR-RBF,2,validation_RMSE,,0.009644699981436133,548.44921875,0.29296875,"{'memory': None, 'steps': [('prep', Pipeline(steps=[('imputer',
                 SimpleImputer(add_indicator=True, strategy='median')),
                ('scaler', StandardScaler())])), ('model', SVR(epsilon=0.15))], 'transform_input': None, 'verbose': False, 'prep': Pipeline(steps=[('imputer',
                 SimpleImputer(add_indicator=True, strategy='median')),
                ('scaler', StandardScaler())]), 'model': SVR(epsilon=0.15), 'prep__memory': None, 'prep__steps': [('imputer', SimpleImputer(add_indicator=True, strategy='median')), ('scaler', StandardScaler())], 'prep__transform_input': None, 'prep__verbose': False, 'prep__imputer': SimpleImputer(add_indicator=True, strategy='median'), 'prep__scaler': StandardScaler(), 'prep__imputer__add_indicator': True, 'prep__imputer__copy': True, 'prep__imputer__fill_value': None, 'prep__imputer__keep_empty_features': False, 'prep__imputer__missing_values': nan, 'prep__imputer__strategy': 'median', 'prep__scaler__copy': True, 'prep__scaler__with_mean': True, 'prep__scaler__with_std': True, 'model__C': 1.0, 'model__cache_size': 200, 'model__coef0': 0.0, 'model__degree': 3, 'model__epsilon': 0.15, 'model__gamma': 'scale', 'model__kernel': 'rbf', 'model__max_iter': -1, 'model__shrinking': True, 'model__tol': 0.001, 'model__verbose': False}",False,1.6632887589735295,,,,
R,SVR-RBF,3,validation_RMSE,,0.009790700045414269,548.93359375,0.4609375,"{'memory': None, 'steps': [('prep', Pipeline(steps=[('imputer',
                 SimpleImputer(add_indicator=True, strategy='median')),
                ('scaler', StandardScaler())])), ('model', SVR(C=2.0))], 'transform_input': None, 'verbose': False, 'prep': Pipeline(steps=[('imputer',
                 SimpleImputer(add_indicator=True, strategy='median')),
                ('scaler', StandardScaler())]), 'model': SVR(C=2.0), 'prep__memory': None, 'prep__steps': [('imputer', SimpleImputer(add_indicator=True, strategy='median')), ('scaler', StandardScaler())], 'prep__transform_input': None, 'prep__verbose': False, 'prep__imputer': SimpleImputer(add_indicator=True, strategy='median'), 'prep__scaler': StandardScaler(), 'prep__imputer__add_indicator': True, 'prep__imputer__copy': True, 'prep__imputer__fill_value': None, 'prep__imputer__keep_empty_features': False, 'prep__imputer__missing_values': nan, 'prep__imputer__strategy': 'median', 'prep__scaler__copy': True, 'prep__scaler__with_mean': True, 'prep__scaler__with_std': True, 'model__C': 2.0, 'model__cache_size': 200, 'model__coef0': 0.0, 'model__degree': 3, 'model__epsilon': 0.1, 'model__gamma': 'scale', 'model__kernel': 'rbf', 'model__max_iter': -1, 'model__shrinking': True, 'model__tol': 0.001, 'model__verbose': False}",False,1.7080193897680778,,,,
R,Kernel Ridge exact,1,validation_RMSE,,0.012777499970979989,551.02734375,1.6484375,"{'memory': None, 'steps': [('prep', Pipeline(steps=[('imputer',
                 SimpleImputer(add_indicator=True, strategy='median')),
                ('scaler', StandardScaler())])), ('model', KernelRidge(alpha=1.0, gamma=0.01, kernel='rbf'))], 'transform_input': None, 'verbose': False, 'prep': Pipeline(steps=[('imputer',
                 SimpleImputer(add_indicator=True, strategy='median')),
                ('scaler', StandardScaler())]), 'model': KernelRidge(alpha=1.0, gamma=0.01, kernel='rbf'), 'prep__memory': None, 'prep__steps': [('imputer', SimpleImputer(add_indicator=True, strategy='median')), ('scaler', StandardScaler())], 'prep__transform_input': None, 'prep__verbose': False, 'prep__imputer': SimpleImputer(add_indicator=True, strategy='median'), 'prep__scaler': StandardScaler(), 'prep__imputer__add_indicator': True, 'prep__imputer__copy': True, 'prep__imputer__fill_value': None, 'prep__imputer__keep_empty_features': False, 'prep__imputer__missing_values': nan, 'prep__imputer__strategy': 'median', 'prep__scaler__copy': True, 'prep__scaler__with_mean': True, 'prep__scaler__with_std': True, 'model__alpha': 1.0, 'model__coef0': 1, 'model__degree': 3, 'model__gamma': 0.01, 'model__kernel': 'rbf', 'model__kernel_params': None}",True,1.667053865642018,,,,
R,Kernel Ridge exact,2,validation_RMSE,,0.007250500028021634,551.765625,0.62890625,"{'memory': None, 'steps': [('prep', Pipeline(steps=[('imputer',
                 SimpleImputer(add_indicator=True, strategy='median')),
                ('scaler', StandardScaler())])), ('model', KernelRidge(alpha=0.5, gamma=0.01, kernel='rbf'))], 'transform_input': None, 'verbose': False, 'prep': Pipeline(steps=[('imputer',
                 SimpleImputer(add_indicator=True, strategy='median')),
                ('scaler', StandardScaler())]), 'model': KernelRidge(alpha=0.5, gamma=0.01, kernel='rbf'), 'prep__memory': None, 'prep__steps': [('imputer', SimpleImputer(add_indicator=True, strategy='median')), ('scaler', StandardScaler())], 'prep__transform_input': None, 'prep__verbose': False, 'prep__imputer': SimpleImputer(add_indicator=True, strategy='median'), 'prep__scaler': StandardScaler(), 'prep__imputer__add_indicator': True, 'prep__imputer__copy': True, 'prep__imputer__fill_value': None, 'prep__imputer__keep_empty_features': False, 'prep__imputer__missing_values': nan, 'prep__imputer__strategy': 'median', 'prep__scaler__copy': True, 'prep__scaler__with_mean': True, 'prep__scaler__with_std': True, 'model__alpha': 0.5, 'model__coef0': 1, 'model__degree': 3, 'model__gamma': 0.01, 'model__kernel': 'rbf', 'model__kernel_params': None}",False,1.6862249216915355,,,,
R,Kernel Ridge exact,3,validation_RMSE,,0.007223300053738058,552.296875,0.54296875,"{'memory': None, 'steps': [('prep', Pipeline(steps=[('imputer',
                 SimpleImputer(add_indicator=True, strategy='median')),
                ('scaler', StandardScaler())])), ('model', KernelRidge(alpha=1.0, gamma=0.03, kernel='rbf'))], 'transform_input': None, 'verbose': False, 'prep': Pipeline(steps=[('imputer',
                 SimpleImputer(add_indicator=True, strategy='median')),
                ('scaler', StandardScaler())]), 'model': KernelRidge(alpha=1.0, gamma=0.03, kernel='rbf'), 'prep__memory': None, 'prep__steps': [('imputer', SimpleImputer(add_indicator=True, strategy='median')), ('scaler', StandardScaler())], 'prep__transform_input': None, 'prep__verbose': False, 'prep__imputer': SimpleImputer(add_indicator=True, strategy='median'), 'prep__scaler': StandardScaler(), 'prep__imputer__add_indicator': True, 'prep__imputer__copy': True, 'prep__imputer__fill_value': None, 'prep__imputer__keep_empty_features': False, 'prep__imputer__missing_values': nan, 'prep__imputer__strategy': 'median', 'prep__scaler__copy': True, 'prep__scaler__with_mean': True, 'prep__scaler__with_std': True, 'model__alpha': 1.0, 'model__coef0': 1, 'model__degree': 3, 'model__gamma': 0.03, 'model__kernel': 'rbf', 'model__kernel_params': None}",False,1.7234105443309264,,,,
R,Kernel Ridge Nystroem,1,validation_RMSE,,0.009953000000678003,553.12890625,0.8046875,"{'memory': None, 'steps': [('prep', Pipeline(steps=[('imputer',
                 SimpleImputer(add_indicator=True, strategy='median')),
                ('scaler', StandardScaler())])), ('nystroem', Nystroem(gamma=0.01, n_components=80, random_state=42)), ('model', Ridge())], 'transform_input': None, 'verbose': False, 'prep': Pipeline(steps=[('imputer',
                 SimpleImputer(add_indicator=True, strategy='median')),
                ('scaler', StandardScaler())]), 'nystroem': Nystroem(gamma=0.01, n_components=80, random_state=42), 'model': Ridge(), 'prep__memory': None, 'prep__steps': [('imputer', SimpleImputer(add_indicator=True, strategy='median')), ('scaler', StandardScaler())], 'prep__transform_input': None, 'prep__verbose': False, 'prep__imputer': SimpleImputer(add_indicator=True, strategy='median'), 'prep__scaler': StandardScaler(), 'prep__imputer__add_indicator': True, 'prep__imputer__copy': True, 'prep__imputer__fill_value': None, 'prep__imputer__keep_empty_features': False, 'prep__imputer__missing_values': nan, 'prep__imputer__strategy': 'median', 'prep__scaler__copy': True, 'prep__scaler__with_mean': True, 'prep__scaler__with_std': True, 'nystroem__coef0': None, 'nystroem__degree': None, 'nystroem__gamma': 0.01, 'nystroem__kernel': 'rbf', 'nystroem__kernel_params': None, 'nystroem__n_components': 80, 'nystroem__n_jobs': None, 'nystroem__random_state': 42, 'model__alpha': 1.0, 'model__copy_X': True, 'model__fit_intercept': True, 'model__max_iter': None, 'model__positive': False, 'model__random_state': None, 'model__solver': 'auto', 'model__tol': 0.0001}",True,1.6476095736668854,,,,
R,Kernel Ridge Nystroem,2,validation_RMSE,,0.01768429996445775,553.57421875,0.44140625,"{'memory': None, 'steps': [('prep', Pipeline(steps=[('imputer',
                 SimpleImputer(add_indicator=True, strategy='median')),
                ('scaler', StandardScaler())])), ('nystroem', Nystroem(gamma=0.01, n_components=120, random_state=42)), ('model', Ridge(alpha=0.5))], 'transform_input': None, 'verbose': False, 'prep': Pipeline(steps=[('imputer',
                 SimpleImputer(add_indicator=True, strategy='median')),
                ('scaler', StandardScaler())]), 'nystroem': Nystroem(gamma=0.01, n_components=120, random_state=42), 'model': Ridge(alpha=0.5), 'prep__memory': None, 'prep__steps': [('imputer', SimpleImputer(add_indicator=True, strategy='median')), ('scaler', StandardScaler())], 'prep__transform_input': None, 'prep__verbose': False, 'prep__imputer': SimpleImputer(add_indicator=True, strategy='median'), 'prep__scaler': StandardScaler(), 'prep__imputer__add_indicator': True, 'prep__imputer__copy': True, 'prep__imputer__fill_value': None, 'prep__imputer__keep_empty_features': False, 'prep__imputer__missing_values': nan, 'prep__imputer__strategy': 'median', 'prep__scaler__copy': True, 'prep__scaler__with_mean': True, 'prep__scaler__with_std': True, 'nystroem__coef0': None, 'nystroem__degree': None, 'nystroem__gamma': 0.01, 'nystroem__kernel': 'rbf', 'nystroem__kernel_params': None, 'nystroem__n_components': 120, 'nystroem__n_jobs': None, 'nystroem__random_state': 42, 'model__alpha': 0.5, 'model__copy_X': True, 'model__fit_intercept': True, 'model__max_iter': None, 'model__positive': False, 'model__random_state': None, 'model__solver': 'auto', 'model__tol': 0.0001}",False,1.6704379960321183,,,,
R,Kernel Ridge Nystroem,3,validation_RMSE,,0.02434420003555715,554.8125,1.2578125,"{'memory': None, 'steps': [('prep', Pipeline(steps=[('imputer',
                 SimpleImputer(add_indicator=True, strategy='median')),
                ('scaler', StandardScaler())])), ('nystroem', Nystroem(gamma=0.03, n_components=160, random_state=42)), ('model', Ridge())], 'transform_input': None, 'verbose': False, 'prep': Pipeline(steps=[('imputer',
                 SimpleImputer(add_indicator=True, strategy='median')),
                ('scaler', StandardScaler())]), 'nystroem': Nystroem(gamma=0.03, n_components=160, random_state=42), 'model': Ridge(), 'prep__memory': None, 'prep__steps': [('imputer', SimpleImputer(add_indicator=True, strategy='median')), ('scaler', StandardScaler())], 'prep__transform_input': None, 'prep__verbose': False, 'prep__imputer': SimpleImputer(add_indicator=True, strategy='median'), 'prep__scaler': StandardScaler(), 'prep__imputer__add_indicator': True, 'prep__imputer__copy': True, 'prep__imputer__fill_value': None, 'prep__imputer__keep_empty_features': False, 'prep__imputer__missing_values': nan, 'prep__imputer__strategy': 'median', 'prep__scaler__copy': True, 'prep__scaler__with_mean': True, 'prep__scaler__with_std': True, 'nystroem__coef0': None, 'nystroem__degree': None, 'nystroem__gamma': 0.03, 'nystroem__kernel': 'rbf', 'nystroem__kernel_params': None, 'nystroem__n_components': 160, 'nystroem__n_jobs': None, 'nystroem__random_state': 42, 'model__alpha': 1.0, 'model__copy_X': True, 'model__fit_intercept': True, 'model__max_iter': None, 'model__positive': False, 'model__random_state': None, 'model__solver': 'auto', 'model__tol': 0.0001}",False,1.7465792734260759,,,,
R,Random Forest,1,validation_RMSE,,0.18217980000190437,556.0078125,1.12890625,"{'memory': None, 'steps': [('prep', SimpleImputer(add_indicator=True, strategy='median')), ('model', RandomForestRegressor(max_features='sqrt', min_samples_leaf=4, n_estimators=250,
                      n_jobs=-1, random_state=42))], 'transform_input': None, 'verbose': False, 'prep': SimpleImputer(add_indicator=True, strategy='median'), 'model': RandomForestRegressor(max_features='sqrt', min_samples_leaf=4, n_estimators=250,
                      n_jobs=-1, random_state=42), 'prep__add_indicator': True, 'prep__copy': True, 'prep__fill_value': None, 'prep__keep_empty_features': False, 'prep__missing_values': nan, 'prep__strategy': 'median', 'model__bootstrap': True, 'model__ccp_alpha': 0.0, 'model__criterion': 'squared_error', 'model__max_depth': None, 'model__max_features': 'sqrt', 'model__max_leaf_nodes': None, 'model__max_samples': None, 'model__min_impurity_decrease': 0.0, 'model__min_samples_leaf': 4, 'model__min_samples_split': 2, 'model__min_weight_fraction_leaf': 0.0, 'model__monotonic_cst': None, 'model__n_estimators': 250, 'model__n_jobs': -1, 'model__oob_score': False, 'model__random_state': 42, 'model__verbose': 0, 'model__warm_start': False}",True,1.596907107558414,,,,
R,Random Forest,2,validation_RMSE,,0.34066849993541837,556.8828125,1.3125,"{'memory': None, 'steps': [('prep', SimpleImputer(add_indicator=True, strategy='median')), ('model', RandomForestRegressor(max_depth=8, max_features='sqrt', min_samples_leaf=3,
                      n_estimators=400, n_jobs=-1, random_state=42))], 'transform_input': None, 'verbose': False, 'prep': SimpleImputer(add_indicator=True, strategy='median'), 'model': RandomForestRegressor(max_depth=8, max_features='sqrt', min_samples_leaf=3,
                      n_estimators=400, n_jobs=-1, random_state=42), 'prep__add_indicator': True, 'prep__copy': True, 'prep__fill_value': None, 'prep__keep_empty_features': False, 'prep__missing_values': nan, 'prep__strategy': 'median', 'model__bootstrap': True, 'model__ccp_alpha': 0.0, 'model__criterion': 'squared_error', 'model__max_depth': 8, 'model__max_features': 'sqrt', 'model__max_leaf_nodes': None, 'model__max_samples': None, 'model__min_impurity_decrease': 0.0, 'model__min_samples_leaf': 3, 'model__min_samples_split': 2, 'model__min_weight_fraction_leaf': 0.0, 'model__monotonic_cst': None, 'model__n_estimators': 400, 'model__n_jobs': -1, 'model__oob_score': False, 'model__random_state': 42, 'model__verbose': 0, 'model__warm_start': False}",False,1.6139256691237074,,,,
R,Random Forest,3,validation_RMSE,,0.43235210003331304,562.2734375,5.78125,"{'memory': None, 'steps': [('prep', SimpleImputer(add_indicator=True, strategy='median')), ('model', RandomForestRegressor(max_depth=12, max_features='sqrt', min_samples_leaf=2,
                      n_estimators=600, n_jobs=-1, random_state=42))], 'transform_input': None, 'verbose': False, 'prep': SimpleImputer(add_indicator=True, strategy='median'), 'model': RandomForestRegressor(max_depth=12, max_features='sqrt', min_samples_leaf=2,
                      n_estimators=600, n_jobs=-1, random_state=42), 'prep__add_indicator': True, 'prep__copy': True, 'prep__fill_value': None, 'prep__keep_empty_features': False, 'prep__missing_values': nan, 'prep__strategy': 'median', 'model__bootstrap': True, 'model__ccp_alpha': 0.0, 'model__criterion': 'squared_error', 'model__max_depth': 12, 'model__max_features': 'sqrt', 'model__max_leaf_nodes': None, 'model__max_samples': None, 'model__min_impurity_decrease': 0.0, 'model__min_samples_leaf': 2, 'model__min_samples_split': 2, 'model__min_weight_fraction_leaf': 0.0, 'model__monotonic_cst': None, 'model__n_estimators': 600, 'model__n_jobs': -1, 'model__oob_score': False, 'model__random_state': 42, 'model__verbose': 0, 'model__warm_start': False}",False,1.6038130945627382,,,,
R,GBM,1,validation_RMSE,,1.117062900098972,556.6796875,1.328125,"{'memory': None, 'steps': [('prep', SimpleImputer(add_indicator=True, strategy='median')), ('model', GradientBoostingRegressor(learning_rate=0.03, loss='huber', max_depth=2,
                          min_samples_leaf=8, n_estimators=250,
                          random_state=42))], 'transform_input': None, 'verbose': False, 'prep': SimpleImputer(add_indicator=True, strategy='median'), 'model': GradientBoostingRegressor(learning_rate=0.03, loss='huber', max_depth=2,
                          min_samples_leaf=8, n_estimators=250,
                          random_state=42), 'prep__add_indicator': True, 'prep__copy': True, 'prep__fill_value': None, 'prep__keep_empty_features': False, 'prep__missing_values': nan, 'prep__strategy': 'median', 'model__alpha': 0.9, 'model__ccp_alpha': 0.0, 'model__criterion': 'friedman_mse', 'model__init': None, 'model__learning_rate': 0.03, 'model__loss': 'huber', 'model__max_depth': 2, 'model__max_features': None, 'model__max_leaf_nodes': None, 'model__min_impurity_decrease': 0.0, 'model__min_samples_leaf': 8, 'model__min_samples_split': 2, 'model__min_weight_fraction_leaf': 0.0, 'model__n_estimators': 250, 'model__n_iter_no_change': None, 'model__random_state': 42, 'model__subsample': 1.0, 'model__tol': 0.0001, 'model__validation_fraction': 0.1, 'model__verbose': 0, 'model__warm_start': False}",True,1.744095729185663,,,,
R,GBM,2,validation_RMSE,,2.52120980003383,556.69140625,0.03515625,"{'memory': None, 'steps': [('prep', SimpleImputer(add_indicator=True, strategy='median')), ('model', GradientBoostingRegressor(learning_rate=0.05, loss='huber', min_samples_leaf=6,
                          n_estimators=400, random_state=42))], 'transform_input': None, 'verbose': False, 'prep': SimpleImputer(add_indicator=True, strategy='median'), 'model': GradientBoostingRegressor(learning_rate=0.05, loss='huber', min_samples_leaf=6,
                          n_estimators=400, random_state=42), 'prep__add_indicator': True, 'prep__copy': True, 'prep__fill_value': None, 'prep__keep_empty_features': False, 'prep__missing_values': nan, 'prep__strategy': 'median', 'model__alpha': 0.9, 'model__ccp_alpha': 0.0, 'model__criterion': 'friedman_mse', 'model__init': None, 'model__learning_rate': 0.05, 'model__loss': 'huber', 'model__max_depth': 3, 'model__max_features': None, 'model__max_leaf_nodes': None, 'model__min_impurity_decrease': 0.0, 'model__min_samples_leaf': 6, 'model__min_samples_split': 2, 'model__min_weight_fraction_leaf': 0.0, 'model__n_estimators': 400, 'model__n_iter_no_change': None, 'model__random_state': 42, 'model__subsample': 1.0, 'model__tol': 0.0001, 'model__validation_fraction': 0.1, 'model__verbose': 0, 'model__warm_start': False}",False,1.7727842679649741,,,,
R,GBM,3,validation_RMSE,,5.085208800039254,556.71484375,0.109375,"{'memory': None, 'steps': [('prep', SimpleImputer(add_indicator=True, strategy='median')), ('model', GradientBoostingRegressor(learning_rate=0.08, loss='huber', max_depth=4,
                          min_samples_leaf=4, n_estimators=600,
                          random_state=42))], 'transform_input': None, 'verbose': False, 'prep': SimpleImputer(add_indicator=True, strategy='median'), 'model': GradientBoostingRegressor(learning_rate=0.08, loss='huber', max_depth=4,
                          min_samples_leaf=4, n_estimators=600,
                          random_state=42), 'prep__add_indicator': True, 'prep__copy': True, 'prep__fill_value': None, 'prep__keep_empty_features': False, 'prep__missing_values': nan, 'prep__strategy': 'median', 'model__alpha': 0.9, 'model__ccp_alpha': 0.0, 'model__criterion': 'friedman_mse', 'model__init': None, 'model__learning_rate': 0.08, 'model__loss': 'huber', 'model__max_depth': 4, 'model__max_features': None, 'model__max_leaf_nodes': None, 'model__min_impurity_decrease': 0.0, 'model__min_samples_leaf': 4, 'model__min_samples_split': 2, 'model__min_weight_fraction_leaf': 0.0, 'model__n_estimators': 600, 'model__n_iter_no_change': None, 'model__random_state': 42, 'model__subsample': 1.0, 'model__tol': 0.0001, 'model__validation_fraction': 0.1, 'model__verbose': 0, 'model__warm_start': False}",False,1.8266413979944771,,,,
R,XGBoost,1,validation_RMSE,,0.11459120002109557,562.0234375,5.328125,"{'memory': None, 'steps': [('prep', SimpleImputer(add_indicator=True, strategy='median')), ('model', XGBRegressor(base_score=None, booster=None, callbacks=None,
             colsample_bylevel=None, colsample_bynode=None,
             colsample_bytree=0.8, device=None, early_stopping_rounds=None,
             enable_categorical=False, eval_metric='rmse', feature_types=None,
             feature_weights=None, gamma=None, grow_policy=None,
             importance_type=None, interaction_constraints=None,
             learning_rate=0.03, max_bin=None, max_cat_threshold=None,
             max_cat_to_onehot=None, max_delta_step=None, max_depth=2,
             max_leaves=None, min_child_weight=8, missing=nan,
             monotone_constraints=None, multi_strategy=None, n_estimators=250,
             n_jobs=-1, num_parallel_tree=None, ...))], 'transform_input': None, 'verbose': False, 'prep': SimpleImputer(add_indicator=True, strategy='median'), 'model': XGBRegressor(base_score=None, booster=None, callbacks=None,
             colsample_bylevel=None, colsample_bynode=None,
             colsample_bytree=0.8, device=None, early_stopping_rounds=None,
             enable_categorical=False, eval_metric='rmse', feature_types=None,
             feature_weights=None, gamma=None, grow_policy=None,
             importance_type=None, interaction_constraints=None,
             learning_rate=0.03, max_bin=None, max_cat_threshold=None,
             max_cat_to_onehot=None, max_delta_step=None, max_depth=2,
             max_leaves=None, min_child_weight=8, missing=nan,
             monotone_constraints=None, multi_strategy=None, n_estimators=250,
             n_jobs=-1, num_parallel_tree=None, ...), 'prep__add_indicator': True, 'prep__copy': True, 'prep__fill_value': None, 'prep__keep_empty_features': False, 'prep__missing_values': nan, 'prep__strategy': 'median', 'model__objective': 'reg:squarederror', 'model__base_score': None, 'model__booster': None, 'model__callbacks': None, 'model__colsample_bylevel': None, 'model__colsample_bynode': None, 'model__colsample_bytree': 0.8, 'model__device': None, 'model__early_stopping_rounds': None, 'model__enable_categorical': False, 'model__eval_metric': 'rmse', 'model__feature_types': None, 'model__feature_weights': None, 'model__gamma': None, 'model__grow_policy': None, 'model__importance_type': None, 'model__interaction_constraints': None, 'model__learning_rate': 0.03, 'model__max_bin': None, 'model__max_cat_threshold': None, 'model__max_cat_to_onehot': None, 'model__max_delta_step': None, 'model__max_depth': 2, 'model__max_leaves': None, 'model__min_child_weight': 8, 'model__missing': nan, 'model__monotone_constraints': None, 'model__multi_strategy': None, 'model__n_estimators': 250, 'model__n_jobs': -1, 'model__num_parallel_tree': None, 'model__random_state': 42, 'model__reg_alpha': None, 'model__reg_lambda': 2.0, 'model__sampling_method': None, 'model__scale_pos_weight': None, 'model__subsample': 0.8, 'model__tree_method': 'hist', 'model__validate_parameters': None, 'model__verbosity': None}",True,1.6873435034062771,,,,
R,XGBoost,2,validation_RMSE,,0.26104939996730536,564.2109375,3.71875,"{'memory': None, 'steps': [('prep', SimpleImputer(add_indicator=True, strategy='median')), ('model', XGBRegressor(base_score=None, booster=None, callbacks=None,
             colsample_bylevel=None, colsample_bynode=None,
             colsample_bytree=0.8, device=None, early_stopping_rounds=None,
             enable_categorical=False, eval_metric='rmse', feature_types=None,
             feature_weights=None, gamma=None, grow_policy=None,
             importance_type=None, interaction_constraints=None,
             learning_rate=0.05, max_bin=None, max_cat_threshold=None,
             max_cat_to_onehot=None, max_delta_step=None, max_depth=3,
             max_leaves=None, min_child_weight=5, missing=nan,
             monotone_constraints=None, multi_strategy=None, n_estimators=400,
             n_jobs=-1, num_parallel_tree=None, ...))], 'transform_input': None, 'verbose': False, 'prep': SimpleImputer(add_indicator=True, strategy='median'), 'model': XGBRegressor(base_score=None, booster=None, callbacks=None,
             colsample_bylevel=None, colsample_bynode=None,
             colsample_bytree=0.8, device=None, early_stopping_rounds=None,
             enable_categorical=False, eval_metric='rmse', feature_types=None,
             feature_weights=None, gamma=None, grow_policy=None,
             importance_type=None, interaction_constraints=None,
             learning_rate=0.05, max_bin=None, max_cat_threshold=None,
             max_cat_to_onehot=None, max_delta_step=None, max_depth=3,
             max_leaves=None, min_child_weight=5, missing=nan,
             monotone_constraints=None, multi_strategy=None, n_estimators=400,
             n_jobs=-1, num_parallel_tree=None, ...), 'prep__add_indicator': True, 'prep__copy': True, 'prep__fill_value': None, 'prep__keep_empty_features': False, 'prep__missing_values': nan, 'prep__strategy': 'median', 'model__objective': 'reg:squarederror', 'model__base_score': None, 'model__booster': None, 'model__callbacks': None, 'model__colsample_bylevel': None, 'model__colsample_bynode': None, 'model__colsample_bytree': 0.8, 'model__device': None, 'model__early_stopping_rounds': None, 'model__enable_categorical': False, 'model__eval_metric': 'rmse', 'model__feature_types': None, 'model__feature_weights': None, 'model__gamma': None, 'model__grow_policy': None, 'model__importance_type': None, 'model__interaction_constraints': None, 'model__learning_rate': 0.05, 'model__max_bin': None, 'model__max_cat_threshold': None, 'model__max_cat_to_onehot': None, 'model__max_delta_step': None, 'model__max_depth': 3, 'model__max_leaves': None, 'model__min_child_weight': 5, 'model__missing': nan, 'model__monotone_constraints': None, 'model__multi_strategy': None, 'model__n_estimators': 400, 'model__n_jobs': -1, 'model__num_parallel_tree': None, 'model__random_state': 42, 'model__reg_alpha': None, 'model__reg_lambda': 2.0, 'model__sampling_method': None, 'model__scale_pos_weight': None, 'model__subsample': 0.8, 'model__tree_method': 'hist', 'model__validate_parameters': None, 'model__verbosity': None}",False,1.71617378003989,,,,
R,XGBoost,3,validation_RMSE,,0.5629033999284729,566.70703125,5.640625,"{'memory': None, 'steps': [('prep', SimpleImputer(add_indicator=True, strategy='median')), ('model', XGBRegressor(base_score=None, booster=None, callbacks=None,
             colsample_bylevel=None, colsample_bynode=None,
             colsample_bytree=0.8, device=None, early_stopping_rounds=None,
             enable_categorical=False, eval_metric='rmse', feature_types=None,
             feature_weights=None, gamma=None, grow_policy=None,
             importance_type=None, interaction_constraints=None,
             learning_rate=0.08, max_bin=None, max_cat_threshold=None,
             max_cat_to_onehot=None, max_delta_step=None, max_depth=4,
             max_leaves=None, min_child_weight=3, missing=nan,
             monotone_constraints=None, multi_strategy=None, n_estimators=600,
             n_jobs=-1, num_parallel_tree=None, ...))], 'transform_input': None, 'verbose': False, 'prep': SimpleImputer(add_indicator=True, strategy='median'), 'model': XGBRegressor(base_score=None, booster=None, callbacks=None,
             colsample_bylevel=None, colsample_bynode=None,
             colsample_bytree=0.8, device=None, early_stopping_rounds=None,
             enable_categorical=False, eval_metric='rmse', feature_types=None,
             feature_weights=None, gamma=None, grow_policy=None,
             importance_type=None, interaction_constraints=None,
             learning_rate=0.08, max_bin=None, max_cat_threshold=None,
             max_cat_to_onehot=None, max_delta_step=None, max_depth=4,
             max_leaves=None, min_child_weight=3, missing=nan,
             monotone_constraints=None, multi_strategy=None, n_estimators=600,
             n_jobs=-1, num_parallel_tree=None, ...), 'prep__add_indicator': True, 'prep__copy': True, 'prep__fill_value': None, 'prep__keep_empty_features': False, 'prep__missing_values': nan, 'prep__strategy': 'median', 'model__objective': 'reg:squarederror', 'model__base_score': None, 'model__booster': None, 'model__callbacks': None, 'model__colsample_bylevel': None, 'model__colsample_bynode': None, 'model__colsample_bytree': 0.8, 'model__device': None, 'model__early_stopping_rounds': None, 'model__enable_categorical': False, 'model__eval_metric': 'rmse', 'model__feature_types': None, 'model__feature_weights': None, 'model__gamma': None, 'model__grow_policy': None, 'model__importance_type': None, 'model__interaction_constraints': None, 'model__learning_rate': 0.08, 'model__max_bin': None, 'model__max_cat_threshold': None, 'model__max_cat_to_onehot': None, 'model__max_delta_step': None, 'model__max_depth': 4, 'model__max_leaves': None, 'model__min_child_weight': 3, 'model__missing': nan, 'model__monotone_constraints': None, 'model__multi_strategy': None, 'model__n_estimators': 600, 'model__n_jobs': -1, 'model__num_parallel_tree': None, 'model__random_state': 42, 'model__reg_alpha': None, 'model__reg_lambda': 2.0, 'model__sampling_method': None, 'model__scale_pos_weight': None, 'model__subsample': 0.8, 'model__tree_method': 'hist', 'model__validate_parameters': None, 'model__verbosity': None}",False,1.7524825034750027,,,,
R,LightGBM,1,validation_RMSE,,0.036799299996346235,563.3125,0.13671875,"{'memory': None, 'steps': [('prep', SimpleImputer(add_indicator=True, strategy='median')), ('model', LGBMRegressor(colsample_bytree=0.8, learning_rate=0.03, max_depth=2,
              n_estimators=250, n_jobs=-1, num_leaves=7, random_state=42,
              reg_lambda=2.0, subsample=0.8, verbosity=-1))], 'transform_input': None, 'verbose': False, 'prep': SimpleImputer(add_indicator=True, strategy='median'), 'model': LGBMRegressor(colsample_bytree=0.8, learning_rate=0.03, max_depth=2,
              n_estimators=250, n_jobs=-1, num_leaves=7, random_state=42,
              reg_lambda=2.0, subsample=0.8, verbosity=-1), 'prep__add_indicator': True, 'prep__copy': True, 'prep__fill_value': None, 'prep__keep_empty_features': False, 'prep__missing_values': nan, 'prep__strategy': 'median', 'model__boosting_type': 'gbdt', 'model__class_weight': None, 'model__colsample_bytree': 0.8, 'model__importance_type': 'split', 'model__learning_rate': 0.03, 'model__max_depth': 2, 'model__min_child_samples': 20, 'model__min_child_weight': 0.001, 'model__min_split_gain': 0.0, 'model__n_estimators': 250, 'model__n_jobs': -1, 'model__num_leaves': 7, 'model__objective': None, 'model__random_state': 42, 'model__reg_alpha': 0.0, 'model__reg_lambda': 2.0, 'model__subsample': 0.8, 'model__subsample_for_bin': 200000, 'model__subsample_freq': 0, 'model__verbosity': -1}",True,1.6753927483872113,,,,
R,LightGBM,2,validation_RMSE,,0.05587969999760389,563.34765625,0.0546875,"{'memory': None, 'steps': [('prep', SimpleImputer(add_indicator=True, strategy='median')), ('model', LGBMRegressor(colsample_bytree=0.8, learning_rate=0.05, max_depth=3,
              min_child_samples=15, n_estimators=400, n_jobs=-1, num_leaves=15,
              random_state=42, reg_lambda=2.0, subsample=0.8, verbosity=-1))], 'transform_input': None, 'verbose': False, 'prep': SimpleImputer(add_indicator=True, strategy='median'), 'model': LGBMRegressor(colsample_bytree=0.8, learning_rate=0.05, max_depth=3,
              min_child_samples=15, n_estimators=400, n_jobs=-1, num_leaves=15,
              random_state=42, reg_lambda=2.0, subsample=0.8, verbosity=-1), 'prep__add_indicator': True, 'prep__copy': True, 'prep__fill_value': None, 'prep__keep_empty_features': False, 'prep__missing_values': nan, 'prep__strategy': 'median', 'model__boosting_type': 'gbdt', 'model__class_weight': None, 'model__colsample_bytree': 0.8, 'model__importance_type': 'split', 'model__learning_rate': 0.05, 'model__max_depth': 3, 'model__min_child_samples': 15, 'model__min_child_weight': 0.001, 'model__min_split_gain': 0.0, 'model__n_estimators': 400, 'model__n_jobs': -1, 'model__num_leaves': 15, 'model__objective': None, 'model__random_state': 42, 'model__reg_alpha': 0.0, 'model__reg_lambda': 2.0, 'model__subsample': 0.8, 'model__subsample_for_bin': 200000, 'model__subsample_freq': 0, 'model__verbosity': -1}",False,1.8054883606901362,,,,
R,LightGBM,3,validation_RMSE,,0.14920169999822974,565.1015625,1.76953125,"{'memory': None, 'steps': [('prep', SimpleImputer(add_indicator=True, strategy='median')), ('model', LGBMRegressor(colsample_bytree=0.8, learning_rate=0.08, max_depth=4,
              min_child_samples=10, n_estimators=600, n_jobs=-1,
              random_state=42, reg_lambda=2.0, subsample=0.8, verbosity=-1))], 'transform_input': None, 'verbose': False, 'prep': SimpleImputer(add_indicator=True, strategy='median'), 'model': LGBMRegressor(colsample_bytree=0.8, learning_rate=0.08, max_depth=4,
              min_child_samples=10, n_estimators=600, n_jobs=-1,
              random_state=42, reg_lambda=2.0, subsample=0.8, verbosity=-1), 'prep__add_indicator': True, 'prep__copy': True, 'prep__fill_value': None, 'prep__keep_empty_features': False, 'prep__missing_values': nan, 'prep__strategy': 'median', 'model__boosting_type': 'gbdt', 'model__class_weight': None, 'model__colsample_bytree': 0.8, 'model__importance_type': 'split', 'model__learning_rate': 0.08, 'model__max_depth': 4, 'model__min_child_samples': 10, 'model__min_child_weight': 0.001, 'model__min_split_gain': 0.0, 'model__n_estimators': 600, 'model__n_jobs': -1, 'model__num_leaves': 31, 'model__objective': None, 'model__random_state': 42, 'model__reg_alpha': 0.0, 'model__reg_lambda': 2.0, 'model__subsample': 0.8, 'model__subsample_for_bin': 200000, 'model__subsample_freq': 0, 'model__verbosity': -1}",False,1.7709602712424304,,,,
R,NGBoost,1,validation_NLL,,2.230452200048603,565.0859375,0.0,"{'memory': None, 'steps': [('prep', SimpleImputer(add_indicator=True, strategy='median')), ('model', NGBRegressor(Base=DecisionTreeRegressor(max_depth=2, min_samples_leaf=12,
                                        random_state=42),
             col_sample=0.8, learning_rate=0.02, minibatch_frac=0.8,
             n_estimators=250,
             random_state=RandomState(MT19937) at 0x23ACB3C0940, verbose=False))], 'transform_input': None, 'verbose': False, 'prep': SimpleImputer(add_indicator=True, strategy='median'), 'model': NGBRegressor(Base=DecisionTreeRegressor(max_depth=2, min_samples_leaf=12,
                                        random_state=42),
             col_sample=0.8, learning_rate=0.02, minibatch_frac=0.8,
             n_estimators=250,
             random_state=RandomState(MT19937) at 0x23ACB3C0940, verbose=False), 'prep__add_indicator': True, 'prep__copy': True, 'prep__fill_value': None, 'prep__keep_empty_features': False, 'prep__missing_values': nan, 'prep__strategy': 'median', 'model__Dist': <class 'ngboost.distns.normal.Normal'>, 'model__Score': <class 'ngboost.scores.LogScore'>, 'model__Base': DecisionTreeRegressor(max_depth=2, min_samples_leaf=12, random_state=42), 'model__natural_gradient': True, 'model__n_estimators': 250, 'model__learning_rate': 0.02, 'model__minibatch_frac': 0.8, 'model__col_sample': 0.8, 'model__verbose': False, 'model__verbose_eval': 100, 'model__tol': 0.0001, 'model__random_state': RandomState(MT19937) at 0x23ACB3C0940, 'model__validation_fraction': 0.1, 'model__early_stopping_rounds': None, 'model__Base__ccp_alpha': 0.0, 'model__Base__criterion': 'squared_error', 'model__Base__max_depth': 2, 'model__Base__max_features': None, 'model__Base__max_leaf_nodes': None, 'model__Base__min_impurity_decrease': 0.0, 'model__Base__min_samples_leaf': 12, 'model__Base__min_samples_split': 2, 'model__Base__min_weight_fraction_leaf': 0.0, 'model__Base__monotonic_cst': None, 'model__Base__random_state': 42, 'model__Base__splitter': 'best'}",True,1.673618591867798,2.395513513193843,0.6693917687994644,0.9914553729679928,0.6623376623376623
R,NGBoost,2,validation_NLL,,4.203046499984339,564.53125,0.46484375,"{'memory': None, 'steps': [('prep', SimpleImputer(add_indicator=True, strategy='median')), ('model', NGBRegressor(Base=DecisionTreeRegressor(max_depth=3, min_samples_leaf=8,
                                        random_state=42),
             col_sample=0.8, learning_rate=0.03, minibatch_frac=0.8,
             n_estimators=400,
             random_state=RandomState(MT19937) at 0x23AC9EEDE40, verbose=False))], 'transform_input': None, 'verbose': False, 'prep': SimpleImputer(add_indicator=True, strategy='median'), 'model': NGBRegressor(Base=DecisionTreeRegressor(max_depth=3, min_samples_leaf=8,
                                        random_state=42),
             col_sample=0.8, learning_rate=0.03, minibatch_frac=0.8,
             n_estimators=400,
             random_state=RandomState(MT19937) at 0x23AC9EEDE40, verbose=False), 'prep__add_indicator': True, 'prep__copy': True, 'prep__fill_value': None, 'prep__keep_empty_features': False, 'prep__missing_values': nan, 'prep__strategy': 'median', 'model__Dist': <class 'ngboost.distns.normal.Normal'>, 'model__Score': <class 'ngboost.scores.LogScore'>, 'model__Base': DecisionTreeRegressor(max_depth=3, min_samples_leaf=8, random_state=42), 'model__natural_gradient': True, 'model__n_estimators': 400, 'model__learning_rate': 0.03, 'model__minibatch_frac': 0.8, 'model__col_sample': 0.8, 'model__verbose': False, 'model__verbose_eval': 100, 'model__tol': 0.0001, 'model__random_state': RandomState(MT19937) at 0x23AC9EEDE40, 'model__validation_fraction': 0.1, 'model__early_stopping_rounds': None, 'model__Base__ccp_alpha': 0.0, 'model__Base__criterion': 'squared_error', 'model__Base__max_depth': 3, 'model__Base__max_features': None, 'model__Base__max_leaf_nodes': None, 'model__Base__min_impurity_decrease': 0.0, 'model__Base__min_samples_leaf': 8, 'model__Base__min_samples_split': 2, 'model__Base__min_weight_fraction_leaf': 0.0, 'model__Base__monotonic_cst': None, 'model__Base__random_state': 42, 'model__Base__splitter': 'best'}",False,1.732458348323207,16.04869622075016,0.18443521505935864,0.3109025899163555,0.19480519480519481
R,NGBoost,3,validation_NLL,,7.426339199999347,565.60546875,1.09765625,"{'memory': None, 'steps': [('prep', SimpleImputer(add_indicator=True, strategy='median')), ('model', NGBRegressor(Base=DecisionTreeRegressor(max_depth=4, min_samples_leaf=5,
                                        random_state=42),
             col_sample=0.8, learning_rate=0.05, minibatch_frac=0.8,
             n_estimators=600,
             random_state=RandomState(MT19937) at 0x23AC9EEDD40, verbose=False))], 'transform_input': None, 'verbose': False, 'prep': SimpleImputer(add_indicator=True, strategy='median'), 'model': NGBRegressor(Base=DecisionTreeRegressor(max_depth=4, min_samples_leaf=5,
                                        random_state=42),
             col_sample=0.8, learning_rate=0.05, minibatch_frac=0.8,
             n_estimators=600,
             random_state=RandomState(MT19937) at 0x23AC9EEDD40, verbose=False), 'prep__add_indicator': True, 'prep__copy': True, 'prep__fill_value': None, 'prep__keep_empty_features': False, 'prep__missing_values': nan, 'prep__strategy': 'median', 'model__Dist': <class 'ngboost.distns.normal.Normal'>, 'model__Score': <class 'ngboost.scores.LogScore'>, 'model__Base': DecisionTreeRegressor(max_depth=4, min_samples_leaf=5, random_state=42), 'model__natural_gradient': True, 'model__n_estimators': 600, 'model__learning_rate': 0.05, 'model__minibatch_frac': 0.8, 'model__col_sample': 0.8, 'model__verbose': False, 'model__verbose_eval': 100, 'model__tol': 0.0001, 'model__random_state': RandomState(MT19937) at 0x23AC9EEDD40, 'model__validation_fraction': 0.1, 'model__early_stopping_rounds': None, 'model__Base__ccp_alpha': 0.0, 'model__Base__criterion': 'squared_error', 'model__Base__max_depth': 4, 'model__Base__max_features': None, 'model__Base__max_leaf_nodes': None, 'model__Base__min_impurity_decrease': 0.0, 'model__Base__min_samples_leaf': 5, 'model__Base__min_samples_split': 2, 'model__Base__min_weight_fraction_leaf': 0.0, 'model__Base__monotonic_cst': None, 'model__Base__random_state': 42, 'model__Base__splitter': 'best'}",False,1.6618480505602764,1236.7782770337756,0.015026673721902048,0.038083992786355735,0.012987012987012988
