representation,split,rows,features,missing_cells,missing_fraction,columns_with_missing
P1_TOTAL_FIXED,train,251,6,0,0.0,0
P1_TOTAL_FIXED,validation,77,6,0,0.0,0
P1_TOTAL_FIXED,test,46,6,0,0.0,0
P1_TOTAL_SELECTED,train,251,6,0,0.0,0
P1_TOTAL_SELECTED,validation,77,6,0,0.0,0
P1_TOTAL_SELECTED,test,46,6,0,0.0,0
P1_HOMEAWAY_SELECTED,train,251,18,0,0.0,0
P1_HOMEAWAY_SELECTED,validation,77,18,0,0.0,0
P1_HOMEAWAY_SELECTED,test,46,18,0,0.0,0
MD1_BASE_COMMON,train,251,128,1080,0.033615537848605576,120
MD1_BASE_COMMON,validation,77,128,0,0.0,0
MD1_BASE_COMMON,test,46,128,0,0.0,0
MD1_PLUS_P1_TOTAL,train,251,134,1080,0.03211036451210085,120
MD1_PLUS_P1_TOTAL,validation,77,134,0,0.0,0
MD1_PLUS_P1_TOTAL,test,46,134,0,0.0,0
MD1_PLUS_P1_HOMEAWAY,train,251,146,1080,0.02947115647001037,120
MD1_PLUS_P1_HOMEAWAY,validation,77,146,0,0.0,0
MD1_PLUS_P1_HOMEAWAY,test,46,146,0,0.0,0
