table,column,dtype,rows,observed,missing_rate,unique_observed,top_values_json
gold_prematch,competition_name,object,380,380,0.0,1,"{""Premier League"": 380}"
gold_prematch,season_name,object,380,380,0.0,1,"{""2015/2016"": 380}"
gold_prematch,match_date,datetime64[ns],380,380,0.0,99,"{""2015-12-26"": 10, ""2016-05-15"": 9, ""2015-11-21"": 8, ""2015-10-17"": 8, ""2016-01-23"": 8}"
gold_prematch,kick_off,object,380,380,0.0,20,"{""16:00:00.000"": 180, ""17:00:00.000"": 32, ""20:45:00.000"": 31, ""18:30:00.000"": 30, ""13:45:00.000"": 27}"
gold_prematch,kickoff,datetime64[ns],380,380,0.0,199,"{""2016-05-15 16:00:00"": 9, ""2015-12-26 16:00:00"": 7, ""2015-11-21 16:00:00"": 6, ""2015-10-17 16:00:00"": 6, ""2016-02-06 16:00:00"": 6}"
gold_prematch,estimated_finish,datetime64[ns],380,380,0.0,199,"{""2016-05-15 18:00:00"": 9, ""2015-12-26 18:00:00"": 7, ""2015-11-21 18:00:00"": 6, ""2015-10-17 18:00:00"": 6, ""2016-02-06 18:00:00"": 6}"
gold_prematch,home_team_name,object,380,380,0.0,20,"{""Manchester United"": 19, ""AFC Bournemouth"": 19, ""Norwich City"": 19, ""Leicester City"": 19, ""Everton"": 19}"
gold_prematch,away_team_name,object,380,380,0.0,20,"{""Tottenham Hotspur"": 19, ""Aston Villa"": 19, ""Crystal Palace"": 19, ""Sunderland"": 19, ""Watford"": 19}"
gold_prematch,outcome,object,380,380,0.0,3,"{""H"": 157, ""A"": 116, ""D"": 107}"
gold_prematch,competition_stage,object,380,380,0.0,1,"{""Regular Season"": 380}"
gold_prematch,stadium_name,object,380,380,0.0,20,"{""Old Trafford"": 19, ""Vitality Stadium"": 19, ""Carrow Road"": 19, ""King Power Stadium "": 19, ""Goodison Park"": 19}"
gold_prematch,referee_name,object,380,380,0.0,19,"{""Mike Dean"": 33, ""Anthony Taylor"": 31, ""Mark Clattenburg"": 30, ""Martin Atkinson"": 29, ""Mike Jones"": 28}"
gold_prematch,match_status,object,380,380,0.0,1,"{""available"": 380}"
gold_prematch,match_status_360,object,380,380,0.0,2,"{""processing"": 200, ""scheduled"": 180}"
gold_prematch,last_updated,object,380,380,0.0,350,"{""2020-07-29T05:00"": 8, ""2020-11-29T14:07:50.969020"": 5, ""2020-09-11T18:18:25.317407"": 5, ""2020-09-09T11:03:23.049831"": 3, ""2020-09-09T12:35:13.376459"": 3}"
gold_prematch,last_updated_360,object,380,380,0.0,2,"{""2021-06-12T16:17:31.694"": 200, ""2021-06-13T16:17:31.694"": 180}"
gold_prematch,home_max_source_finish_l3,datetime64[ns],380,370,0.02631578947368421,185,"{""2015-12-26 18:00:00"": 7, ""2015-08-29 18:00:00"": 6, ""2015-09-26 18:00:00"": 6, ""2015-10-17 18:00:00"": 6, ""2016-04-02 18:00:00"": 6}"
gold_prematch,home_max_source_finish_l5,datetime64[ns],380,370,0.02631578947368421,185,"{""2015-12-26 18:00:00"": 7, ""2015-08-29 18:00:00"": 6, ""2015-09-26 18:00:00"": 6, ""2015-10-17 18:00:00"": 6, ""2016-04-02 18:00:00"": 6}"
gold_prematch,home_max_source_finish_l10,datetime64[ns],380,370,0.02631578947368421,185,"{""2015-12-26 18:00:00"": 7, ""2015-08-29 18:00:00"": 6, ""2015-09-26 18:00:00"": 6, ""2015-10-17 18:00:00"": 6, ""2016-04-02 18:00:00"": 6}"
gold_prematch,away_max_source_finish_l3,datetime64[ns],380,370,0.02631578947368421,185,"{""2015-11-21 18:00:00"": 8, ""2015-12-26 18:00:00"": 7, ""2015-12-19 18:00:00"": 7, ""2015-10-03 18:00:00"": 7, ""2015-09-26 18:00:00"": 6}"
gold_prematch,away_max_source_finish_l5,datetime64[ns],380,370,0.02631578947368421,185,"{""2015-11-21 18:00:00"": 8, ""2015-12-26 18:00:00"": 7, ""2015-12-19 18:00:00"": 7, ""2015-10-03 18:00:00"": 7, ""2015-09-26 18:00:00"": 6}"
gold_prematch,away_max_source_finish_l10,datetime64[ns],380,370,0.02631578947368421,185,"{""2015-11-21 18:00:00"": 8, ""2015-12-26 18:00:00"": 7, ""2015-12-19 18:00:00"": 7, ""2015-10-03 18:00:00"": 7, ""2015-09-26 18:00:00"": 6}"
gold_prematch,split,object,380,380,0.0,3,"{""train"": 257, ""validation"": 77, ""test"": 46}"
gold_prematch,label_outcome,object,380,380,0.0,3,"{""H"": 157, ""A"": 116, ""D"": 107}"
gold_prematch,join_status,object,380,380,0.0,1,"{""accepted"": 380}"
gold_prematch,join_method,object,380,380,0.0,2,"{""alias+date"": 290, ""normalized_exact+date"": 90}"
gold_prematch,odds_source,object,380,380,0.0,1,"{""Pinnacle/PS"": 380}"
gold_snapshots,snapshot_id,object,7980,7980,0.0,21,"{""M00"": 380, ""M05"": 380, ""M10"": 380, ""M15"": 380, ""M20"": 380}"
gold_snapshots,snapshot_kind,object,7980,7980,0.0,3,"{""strict_minute"": 7220, ""half_time_boundary"": 380, ""full_time_boundary"": 380}"
gold_snapshots,label_outcome,object,7980,7980,0.0,3,"{""H"": 3297, ""A"": 2436, ""D"": 2247}"
gold_snapshots,home_max_source_finish_l3,datetime64[ns],7980,7770,0.02631578947368421,185,"{""2015-12-26 18:00:00"": 147, ""2015-08-29 18:00:00"": 126, ""2015-09-26 18:00:00"": 126, ""2015-10-17 18:00:00"": 126, ""2016-04-02 18:00:00"": 126}"
gold_snapshots,home_max_source_finish_l5,datetime64[ns],7980,7770,0.02631578947368421,185,"{""2015-12-26 18:00:00"": 147, ""2015-08-29 18:00:00"": 126, ""2015-09-26 18:00:00"": 126, ""2015-10-17 18:00:00"": 126, ""2016-04-02 18:00:00"": 126}"
gold_snapshots,home_max_source_finish_l10,datetime64[ns],7980,7770,0.02631578947368421,185,"{""2015-12-26 18:00:00"": 147, ""2015-08-29 18:00:00"": 126, ""2015-09-26 18:00:00"": 126, ""2015-10-17 18:00:00"": 126, ""2016-04-02 18:00:00"": 126}"
gold_snapshots,away_max_source_finish_l3,datetime64[ns],7980,7770,0.02631578947368421,185,"{""2015-11-21 18:00:00"": 168, ""2015-12-26 18:00:00"": 147, ""2015-12-19 18:00:00"": 147, ""2015-10-03 18:00:00"": 147, ""2015-09-26 18:00:00"": 126}"
gold_snapshots,away_max_source_finish_l5,datetime64[ns],7980,7770,0.02631578947368421,185,"{""2015-11-21 18:00:00"": 168, ""2015-12-26 18:00:00"": 147, ""2015-12-19 18:00:00"": 147, ""2015-10-03 18:00:00"": 147, ""2015-09-26 18:00:00"": 126}"
gold_snapshots,away_max_source_finish_l10,datetime64[ns],7980,7770,0.02631578947368421,185,"{""2015-11-21 18:00:00"": 168, ""2015-12-26 18:00:00"": 147, ""2015-12-19 18:00:00"": 147, ""2015-10-03 18:00:00"": 147, ""2015-09-26 18:00:00"": 126}"
gold_snapshots,split,object,7980,7980,0.0,3,"{""train"": 5397, ""validation"": 1617, ""test"": 966}"
