match_id,partition_match_fk_valid,event_team_fk_valid,possession_team_fk_valid,event_player_fk_valid,event_order_contiguous,event_chronological_order_valid,event_rows,invalid_event_teams,invalid_possession_teams,invalid_event_players
3753972,True,True,True,True,True,True,3683,0,0,0
3753973,True,True,True,True,True,True,3478,0,0,0
3753974,True,True,True,True,True,True,3562,0,0,0
3753975,True,True,True,True,True,True,3769,0,0,0
3753976,True,True,True,True,True,True,3939,0,0,0
3753977,True,True,True,True,True,True,3545,0,0,0
3753978,True,True,True,True,True,True,3492,0,0,0
3753979,True,True,True,True,True,True,3068,0,0,0
3753980,True,True,True,True,True,True,3886,0,0,0
3753981,True,True,True,True,True,True,3502,0,0,0
3753982,True,True,True,True,True,True,3477,0,0,0
3753983,True,True,True,True,True,True,3715,0,0,0
3753984,True,True,True,True,True,True,3420,0,0,0
3753985,True,True,True,True,True,True,3387,0,0,0
3753986,True,True,True,True,True,True,3509,0,0,0
3753987,True,True,True,True,True,True,3141,0,0,0
3753988,True,True,True,True,True,True,3575,0,0,0
3753989,True,True,True,True,True,True,3553,0,0,0
3753990,True,True,True,True,True,True,3559,0,0,0
3753991,True,True,True,True,True,True,3887,0,0,0
3753992,True,True,True,True,True,True,3414,0,0,0
3753993,True,True,True,True,True,True,3573,0,0,0
3753994,True,True,True,True,True,True,3263,0,0,0
3753995,True,True,True,True,True,True,3606,0,0,0
3753996,True,True,True,True,True,True,3605,0,0,0
3753997,True,True,True,True,True,True,3694,0,0,0
3753998,True,True,True,True,True,True,3333,0,0,0
3753999,True,True,True,True,True,True,3671,0,0,0
3754000,True,True,True,True,True,True,3229,0,0,0
3754001,True,True,True,True,True,True,3392,0,0,0
3754002,True,True,True,True,True,True,3599,0,0,0
3754003,True,True,True,True,True,True,3688,0,0,0
3754004,True,True,True,True,True,True,3320,0,0,0
3754005,True,True,True,True,True,True,3372,0,0,0
3754006,True,True,True,True,True,True,2823,0,0,0
3754007,True,True,True,True,True,True,3429,0,0,0
3754008,True,True,True,True,True,True,3433,0,0,0
3754009,True,True,True,True,True,True,4013,0,0,0
3754010,True,True,True,True,True,True,3381,0,0,0
3754011,True,True,True,True,True,True,3531,0,0,0
3754012,True,True,True,True,True,True,3604,0,0,0
3754013,True,True,True,True,True,True,3225,0,0,0
3754014,True,True,True,True,True,True,3074,0,0,0
3754015,True,True,True,True,True,True,3645,0,0,0
3754016,True,True,True,True,True,True,3408,0,0,0
3754017,True,True,True,True,True,True,3169,0,0,0
3754018,True,True,True,True,True,True,4079,0,0,0
3754019,True,True,True,True,True,True,3590,0,0,0
3754020,True,True,True,True,True,True,3490,0,0,0
3754021,True,True,True,True,True,True,3622,0,0,0
3754022,True,True,True,True,True,True,2682,0,0,0
3754023,True,True,True,True,True,True,3153,0,0,0
3754024,True,True,True,True,True,True,3335,0,0,0
3754025,True,True,True,True,True,True,3346,0,0,0
3754026,True,True,True,True,True,True,2816,0,0,0
3754027,True,True,True,True,True,True,3496,0,0,0
3754028,True,True,True,True,True,True,3364,0,0,0
3754029,True,True,True,True,True,True,3438,0,0,0
3754030,True,True,True,True,True,True,3391,0,0,0
3754031,True,True,True,True,True,True,3160,0,0,0
3754032,True,True,True,True,True,True,3685,0,0,0
3754033,True,True,True,True,True,True,3269,0,0,0
3754034,True,True,True,True,True,True,3292,0,0,0
3754035,True,True,True,True,True,True,3227,0,0,0
3754036,True,True,True,True,True,True,3436,0,0,0
3754037,True,True,True,True,True,True,3913,0,0,0
3754038,True,True,True,True,True,True,3776,0,0,0
3754039,True,True,True,True,True,True,3169,0,0,0
3754040,True,True,True,True,True,True,3690,0,0,0
3754041,True,True,True,True,True,True,3772,0,0,0
3754042,True,True,True,True,True,True,3617,0,0,0
3754043,True,True,True,True,True,True,3752,0,0,0
3754044,True,True,True,True,True,True,3497,0,0,0
3754045,True,True,True,True,True,True,3370,0,0,0
3754046,True,True,True,True,True,True,3615,0,0,0
3754047,True,True,True,True,True,True,3780,0,0,0
3754048,True,True,True,True,True,True,3643,0,0,0
3754049,True,True,True,True,True,True,3264,0,0,0
3754050,True,True,True,True,True,True,3047,0,0,0
3754051,True,True,True,True,True,True,2937,0,0,0
3754052,True,True,True,True,True,True,3215,0,0,0
3754053,True,True,True,True,True,True,3641,0,0,0
3754054,True,True,True,True,True,True,3488,0,0,0
3754055,True,True,True,True,True,True,3953,0,0,0
3754056,True,True,True,True,True,True,3547,0,0,0
3754057,True,True,True,True,True,True,3347,0,0,0
3754058,True,True,True,True,True,True,3576,0,0,0
3754059,True,True,True,True,True,True,3218,0,0,0
3754060,True,True,True,True,True,True,3165,0,0,0
3754061,True,True,True,True,True,True,3566,0,0,0
3754062,True,True,True,True,True,True,3369,0,0,0
3754063,True,True,True,True,True,True,3555,0,0,0
3754064,True,True,True,True,True,True,3841,0,0,0
3754065,True,True,True,True,True,True,3106,0,0,0
3754066,True,True,True,True,True,True,3412,0,0,0
3754067,True,True,True,True,True,True,3368,0,0,0
3754068,True,True,True,True,True,True,2925,0,0,0
3754069,True,True,True,True,True,True,3589,0,0,0
3754070,True,True,True,True,True,True,3587,0,0,0
3754071,True,True,True,True,True,True,3345,0,0,0
3754072,True,True,True,True,True,True,3480,0,0,0
3754073,True,True,True,True,True,True,3483,0,0,0
3754074,True,True,True,True,True,True,3301,0,0,0
3754075,True,True,True,True,True,True,3900,0,0,0
3754076,True,True,True,True,True,True,3210,0,0,0
3754077,True,True,True,True,True,True,3799,0,0,0
3754078,True,True,True,True,True,True,3352,0,0,0
3754079,True,True,True,True,True,True,3448,0,0,0
3754080,True,True,True,True,True,True,3555,0,0,0
3754081,True,True,True,True,True,True,3644,0,0,0
3754082,True,True,True,True,True,True,3651,0,0,0
3754083,True,True,True,True,True,True,3497,0,0,0
3754084,True,True,True,True,True,True,3059,0,0,0
3754085,True,True,True,True,True,True,3670,0,0,0
3754086,True,True,True,True,True,True,3209,0,0,0
3754087,True,True,True,True,True,True,3601,0,0,0
3754088,True,True,True,True,True,True,3697,0,0,0
3754089,True,True,True,True,True,True,3147,0,0,0
3754090,True,True,True,True,True,True,3072,0,0,0
3754091,True,True,True,True,True,True,3162,0,0,0
3754092,True,True,True,True,True,True,3299,0,0,0
3754093,True,True,True,True,True,True,3398,0,0,0
3754094,True,True,True,True,True,True,3655,0,0,0
3754095,True,True,True,True,True,True,3507,0,0,0
3754096,True,True,True,True,True,True,3132,0,0,0
3754097,True,True,True,True,True,True,3780,0,0,0
3754098,True,True,True,True,True,True,3783,0,0,0
3754099,True,True,True,True,True,True,3070,0,0,0
3754100,True,True,True,True,True,True,3138,0,0,0
3754101,True,True,True,True,True,True,3220,0,0,0
3754102,True,True,True,True,True,True,3307,0,0,0
3754103,True,True,True,True,True,True,4012,0,0,0
3754104,True,True,True,True,True,True,3225,0,0,0
3754105,True,True,True,True,True,True,3346,0,0,0
3754106,True,True,True,True,True,True,3347,0,0,0
3754107,True,True,True,True,True,True,3677,0,0,0
3754108,True,True,True,True,True,True,3537,0,0,0
3754109,True,True,True,True,True,True,3489,0,0,0
3754110,True,True,True,True,True,True,3478,0,0,0
3754111,True,True,True,True,True,True,3741,0,0,0
3754112,True,True,True,True,True,True,3368,0,0,0
3754113,True,True,True,True,True,True,3398,0,0,0
3754114,True,True,True,True,True,True,3783,0,0,0
3754115,True,True,True,True,True,True,3332,0,0,0
3754116,True,True,True,True,True,True,3995,0,0,0
3754117,True,True,True,True,True,True,3451,0,0,0
3754118,True,True,True,True,True,True,3845,0,0,0
3754119,True,True,True,True,True,True,2978,0,0,0
3754120,True,True,True,True,True,True,3206,0,0,0
3754121,True,True,True,True,True,True,3008,0,0,0
3754122,True,True,True,True,True,True,3194,0,0,0
3754123,True,True,True,True,True,True,3333,0,0,0
3754124,True,True,True,True,True,True,3615,0,0,0
3754125,True,True,True,True,True,True,4049,0,0,0
3754126,True,True,True,True,True,True,3771,0,0,0
3754127,True,True,True,True,True,True,3780,0,0,0
3754128,True,True,True,True,True,True,3711,0,0,0
3754129,True,True,True,True,True,True,4090,0,0,0
3754130,True,True,True,True,True,True,2990,0,0,0
3754131,True,True,True,True,True,True,3222,0,0,0
3754132,True,True,True,True,True,True,2781,0,0,0
3754133,True,True,True,True,True,True,2999,0,0,0
3754134,True,True,True,True,True,True,3199,0,0,0
3754135,True,True,True,True,True,True,3487,0,0,0
3754136,True,True,True,True,True,True,3284,0,0,0
3754137,True,True,True,True,True,True,3186,0,0,0
3754138,True,True,True,True,True,True,3049,0,0,0
3754139,True,True,True,True,True,True,3332,0,0,0
3754140,True,True,True,True,True,True,3896,0,0,0
3754141,True,True,True,True,True,True,3564,0,0,0
3754142,True,True,True,True,True,True,4015,0,0,0
3754143,True,True,True,True,True,True,3574,0,0,0
3754144,True,True,True,True,True,True,3896,0,0,0
3754145,True,True,True,True,True,True,4018,0,0,0
3754146,True,True,True,True,True,True,3316,0,0,0
3754147,True,True,True,True,True,True,4174,0,0,0
3754148,True,True,True,True,True,True,2992,0,0,0
3754149,True,True,True,True,True,True,4031,0,0,0
3754150,True,True,True,True,True,True,3358,0,0,0
3754151,True,True,True,True,True,True,3039,0,0,0
3754152,True,True,True,True,True,True,3390,0,0,0
3754153,True,True,True,True,True,True,2973,0,0,0
3754154,True,True,True,True,True,True,3800,0,0,0
3754155,True,True,True,True,True,True,3035,0,0,0
3754156,True,True,True,True,True,True,3272,0,0,0
3754157,True,True,True,True,True,True,3695,0,0,0
3754158,True,True,True,True,True,True,3424,0,0,0
3754159,True,True,True,True,True,True,3824,0,0,0
3754160,True,True,True,True,True,True,3489,0,0,0
3754161,True,True,True,True,True,True,3473,0,0,0
3754162,True,True,True,True,True,True,3303,0,0,0
3754163,True,True,True,True,True,True,3909,0,0,0
3754164,True,True,True,True,True,True,3117,0,0,0
3754165,True,True,True,True,True,True,3600,0,0,0
3754166,True,True,True,True,True,True,3208,0,0,0
3754167,True,True,True,True,True,True,3731,0,0,0
3754168,True,True,True,True,True,True,3241,0,0,0
3754169,True,True,True,True,True,True,3405,0,0,0
3754170,True,True,True,True,True,True,3297,0,0,0
3754171,True,True,True,True,True,True,3762,0,0,0
3754172,True,True,True,True,True,True,2670,0,0,0
3754173,True,True,True,True,True,True,4041,0,0,0
3754174,True,True,True,True,True,True,3523,0,0,0
3754175,True,True,True,True,True,True,3045,0,0,0
3754176,True,True,True,True,True,True,2957,0,0,0
3754177,True,True,True,True,True,True,3938,0,0,0
3754178,True,True,True,True,True,True,3023,0,0,0
3754179,True,True,True,True,True,True,3319,0,0,0
3754180,True,True,True,True,True,True,3375,0,0,0
3754181,True,True,True,True,True,True,3090,0,0,0
3754182,True,True,True,True,True,True,3670,0,0,0
3754183,True,True,True,True,True,True,3536,0,0,0
3754184,True,True,True,True,True,True,3732,0,0,0
3754185,True,True,True,True,True,True,3361,0,0,0
3754186,True,True,True,True,True,True,3264,0,0,0
3754187,True,True,True,True,True,True,3341,0,0,0
3754188,True,True,True,True,True,True,3249,0,0,0
3754189,True,True,True,True,True,True,3329,0,0,0
3754190,True,True,True,True,True,True,2959,0,0,0
3754191,True,True,True,True,True,True,3763,0,0,0
3754192,True,True,True,True,True,True,3232,0,0,0
3754193,True,True,True,True,True,True,3616,0,0,0
3754194,True,True,True,True,True,True,3392,0,0,0
3754195,True,True,True,True,True,True,2877,0,0,0
3754196,True,True,True,True,True,True,3468,0,0,0
3754197,True,True,True,True,True,True,3662,0,0,0
3754198,True,True,True,True,True,True,3601,0,0,0
3754199,True,True,True,True,True,True,3042,0,0,0
3754200,True,True,True,True,True,True,3359,0,0,0
3754201,True,True,True,True,True,True,3521,0,0,0
3754202,True,True,True,True,True,True,3531,0,0,0
3754203,True,True,True,True,True,True,3149,0,0,0
3754204,True,True,True,True,True,True,3326,0,0,0
3754205,True,True,True,True,True,True,3967,0,0,0
3754206,True,True,True,True,True,True,3682,0,0,0
3754207,True,True,True,True,True,True,3429,0,0,0
3754208,True,True,True,True,True,True,3720,0,0,0
3754209,True,True,True,True,True,True,3444,0,0,0
3754210,True,True,True,True,True,True,3478,0,0,0
3754211,True,True,True,True,True,True,3321,0,0,0
3754212,True,True,True,True,True,True,3455,0,0,0
3754213,True,True,True,True,True,True,3310,0,0,0
3754214,True,True,True,True,True,True,3988,0,0,0
3754215,True,True,True,True,True,True,3363,0,0,0
3754216,True,True,True,True,True,True,3866,0,0,0
3754217,True,True,True,True,True,True,3732,0,0,0
3754218,True,True,True,True,True,True,3072,0,0,0
3754219,True,True,True,True,True,True,3058,0,0,0
3754220,True,True,True,True,True,True,3580,0,0,0
3754221,True,True,True,True,True,True,3707,0,0,0
3754222,True,True,True,True,True,True,3367,0,0,0
3754223,True,True,True,True,True,True,3193,0,0,0
3754224,True,True,True,True,True,True,3629,0,0,0
3754225,True,True,True,True,True,True,3421,0,0,0
3754226,True,True,True,True,True,True,3165,0,0,0
3754227,True,True,True,True,True,True,2943,0,0,0
3754228,True,True,True,True,True,True,4093,0,0,0
3754229,True,True,True,True,True,True,3956,0,0,0
3754230,True,True,True,True,True,True,3621,0,0,0
3754231,True,True,True,True,True,True,3172,0,0,0
3754232,True,True,True,True,True,True,3317,0,0,0
3754233,True,True,True,True,True,True,3506,0,0,0
3754234,True,True,True,True,True,True,3526,0,0,0
3754235,True,True,True,True,True,True,2905,0,0,0
3754236,True,True,True,True,True,True,3141,0,0,0
3754237,True,True,True,True,True,True,3036,0,0,0
3754238,True,True,True,True,True,True,3454,0,0,0
3754239,True,True,True,True,True,True,3509,0,0,0
3754240,True,True,True,True,True,True,3499,0,0,0
3754241,True,True,True,True,True,True,3512,0,0,0
3754242,True,True,True,True,True,True,3829,0,0,0
3754243,True,True,True,True,True,True,3272,0,0,0
3754244,True,True,True,True,True,True,3188,0,0,0
3754245,True,True,True,True,True,True,3078,0,0,0
3754246,True,True,True,True,True,True,4025,0,0,0
3754247,True,True,True,True,True,True,3471,0,0,0
3754248,True,True,True,True,True,True,3304,0,0,0
3754249,True,True,True,True,True,True,4264,0,0,0
3754250,True,True,True,True,True,True,3419,0,0,0
3754251,True,True,True,True,True,True,3345,0,0,0
3754252,True,True,True,True,True,True,3448,0,0,0
3754253,True,True,True,True,True,True,4093,0,0,0
3754254,True,True,True,True,True,True,3700,0,0,0
3754255,True,True,True,True,True,True,3436,0,0,0
3754256,True,True,True,True,True,True,3727,0,0,0
3754257,True,True,True,True,True,True,3251,0,0,0
3754258,True,True,True,True,True,True,3672,0,0,0
3754259,True,True,True,True,True,True,3509,0,0,0
3754260,True,True,True,True,True,True,3605,0,0,0
3754261,True,True,True,True,True,True,3787,0,0,0
3754262,True,True,True,True,True,True,3681,0,0,0
3754263,True,True,True,True,True,True,3334,0,0,0
3754264,True,True,True,True,True,True,4084,0,0,0
3754265,True,True,True,True,True,True,3461,0,0,0
3754266,True,True,True,True,True,True,2912,0,0,0
3754267,True,True,True,True,True,True,3307,0,0,0
3754268,True,True,True,True,True,True,3381,0,0,0
3754269,True,True,True,True,True,True,3759,0,0,0
3754270,True,True,True,True,True,True,3630,0,0,0
3754271,True,True,True,True,True,True,3567,0,0,0
3754272,True,True,True,True,True,True,3700,0,0,0
3754273,True,True,True,True,True,True,3192,0,0,0
3754274,True,True,True,True,True,True,3278,0,0,0
3754275,True,True,True,True,True,True,3596,0,0,0
3754276,True,True,True,True,True,True,3132,0,0,0
3754277,True,True,True,True,True,True,3305,0,0,0
3754278,True,True,True,True,True,True,3519,0,0,0
3754279,True,True,True,True,True,True,3380,0,0,0
3754280,True,True,True,True,True,True,3552,0,0,0
3754281,True,True,True,True,True,True,3451,0,0,0
3754282,True,True,True,True,True,True,3627,0,0,0
3754283,True,True,True,True,True,True,3695,0,0,0
3754284,True,True,True,True,True,True,3821,0,0,0
3754285,True,True,True,True,True,True,3129,0,0,0
3754286,True,True,True,True,True,True,2994,0,0,0
3754287,True,True,True,True,True,True,3268,0,0,0
3754288,True,True,True,True,True,True,3175,0,0,0
3754289,True,True,True,True,True,True,3287,0,0,0
3754290,True,True,True,True,True,True,3483,0,0,0
3754291,True,True,True,True,True,True,3287,0,0,0
3754292,True,True,True,True,True,True,3000,0,0,0
3754293,True,True,True,True,True,True,3088,0,0,0
3754294,True,True,True,True,True,True,3554,0,0,0
3754295,True,True,True,True,True,True,3454,0,0,0
3754296,True,True,True,True,True,True,3858,0,0,0
3754297,True,True,True,True,True,True,3585,0,0,0
3754298,True,True,True,True,True,True,3514,0,0,0
3754299,True,True,True,True,True,True,3795,0,0,0
3754300,True,True,True,True,True,True,3564,0,0,0
3754301,True,True,True,True,True,True,3503,0,0,0
3754302,True,True,True,True,True,True,2963,0,0,0
3754303,True,True,True,True,True,True,3443,0,0,0
3754304,True,True,True,True,True,True,3293,0,0,0
3754305,True,True,True,True,True,True,3528,0,0,0
3754306,True,True,True,True,True,True,3156,0,0,0
3754307,True,True,True,True,True,True,3528,0,0,0
3754308,True,True,True,True,True,True,3107,0,0,0
3754309,True,True,True,True,True,True,3326,0,0,0
3754310,True,True,True,True,True,True,3723,0,0,0
3754311,True,True,True,True,True,True,3689,0,0,0
3754312,True,True,True,True,True,True,3777,0,0,0
3754313,True,True,True,True,True,True,3796,0,0,0
3754314,True,True,True,True,True,True,3552,0,0,0
3754315,True,True,True,True,True,True,3361,0,0,0
3754316,True,True,True,True,True,True,3704,0,0,0
3754317,True,True,True,True,True,True,3213,0,0,0
3754318,True,True,True,True,True,True,3422,0,0,0
3754319,True,True,True,True,True,True,3636,0,0,0
3754320,True,True,True,True,True,True,3900,0,0,0
3754321,True,True,True,True,True,True,3783,0,0,0
3754322,True,True,True,True,True,True,4009,0,0,0
3754323,True,True,True,True,True,True,3245,0,0,0
3754324,True,True,True,True,True,True,3178,0,0,0
3754325,True,True,True,True,True,True,3587,0,0,0
3754326,True,True,True,True,True,True,3167,0,0,0
3754327,True,True,True,True,True,True,3825,0,0,0
3754328,True,True,True,True,True,True,3897,0,0,0
3754329,True,True,True,True,True,True,3326,0,0,0
3754330,True,True,True,True,True,True,3604,0,0,0
3754331,True,True,True,True,True,True,3145,0,0,0
3754332,True,True,True,True,True,True,3300,0,0,0
3754333,True,True,True,True,True,True,3550,0,0,0
3754334,True,True,True,True,True,True,3161,0,0,0
3754335,True,True,True,True,True,True,3234,0,0,0
3754336,True,True,True,True,True,True,3538,0,0,0
3754337,True,True,True,True,True,True,3421,0,0,0
3754338,True,True,True,True,True,True,3588,0,0,0
3754339,True,True,True,True,True,True,3285,0,0,0
3754340,True,True,True,True,True,True,3396,0,0,0
3754341,True,True,True,True,True,True,3255,0,0,0
3754342,True,True,True,True,True,True,3356,0,0,0
3754343,True,True,True,True,True,True,3205,0,0,0
3754344,True,True,True,True,True,True,3698,0,0,0
3754345,True,True,True,True,True,True,3676,0,0,0
3754346,True,True,True,True,True,True,3394,0,0,0
3754347,True,True,True,True,True,True,3300,0,0,0
3754348,True,True,True,True,True,True,3499,0,0,0
3754349,True,True,True,True,True,True,3476,0,0,0
3754350,True,True,True,True,True,True,3490,0,0,0
3754351,True,True,True,True,True,True,3143,0,0,0
