event_type,count,proportion
Pass,368619,0.28058043512844305
Ball Receipt*,340314,0.2590356172641697
Carry,276949,0.21080430180860774
Pressure,115402,0.08784013676639724
Ball Recovery,40943,0.03116444012778463
Duel,32290,0.02457806637828605
Clearance,21645,0.016475448955032567
Block,14839,0.011294949736369981
Dribble,13721,0.010443965586140072
Goal Keeper,11777,0.008964257904523841
Miscontrol,10786,0.008209941900160835
Dispossessed,10520,0.008007471610392359
Shot,9908,0.007541637710624286
Foul Committed,9512,0.0072402157754802385
Foul Won,9112,0.006935749174324636
Interception,8920,0.006789605205769947
Dribbled Past,8771,0.006676191396839485
Substitution,2109,0.0016053001545929166
Half Start,1520,0.0011569730843912914
Half End,1520,0.0011569730843912914
Injury Stoppage,1032,0.0007855238309814557
Starting XI,760,0.0005784865421956457
Tactical Shift,625,0.00047572906430562965
50/50,559,0.0004254920751149552
Shield,503,0.00038286675095317073
Referee Ball-Drop,272,0.00020703728878581002
Bad Behaviour,193,0.00014690513505757845
Error,178,0.00013548763751424333
Player Off,145,0.00011036914291890608
Player On,144,0.00010960797641601707
Offside,109,8.296714881490181e-05
Own Goal For,38,2.8924327109782284e-05
Own Goal Against,38,2.8924327109782284e-05
