match_id,has_360,frame_rows,three_sixty_file_exists
3754097,False,0,False
3754128,False,0,False
3754138,False,0,False
3754237,False,0,False
3754300,False,0,False
3754078,False,0,False
3754112,False,0,False
3754141,False,0,False
3753985,False,0,False
3754145,False,0,False
3754107,False,0,False
3754034,False,0,False
3753993,False,0,False
3754203,False,0,False
3754267,False,0,False
3754270,False,0,False
3754344,False,0,False
3754312,False,0,False
3754066,False,0,False
3754020,False,0,False
3754254,False,0,False
3753987,False,0,False
3754104,False,0,False
3754131,False,0,False
3754180,False,0,False
3754190,False,0,False
3754059,False,0,False
3754189,False,0,False
3754233,False,0,False
3754129,False,0,False
3754205,False,0,False
3753984,False,0,False
3754007,False,0,False
3754023,False,0,False
3754083,False,0,False
3754204,False,0,False
3754246,False,0,False
3754268,False,0,False
3754337,False,0,False
3754221,False,0,False
3754336,False,0,False
3754213,False,0,False
3754240,False,0,False
3754257,False,0,False
3754315,False,0,False
3754325,False,0,False
3754003,False,0,False
3754148,False,0,False
3754106,False,0,False
3754329,False,0,False
3754217,False,0,False
3754010,False,0,False
3754068,False,0,False
3754146,False,0,False
3754169,False,0,False
3754298,False,0,False
3754077,False,0,False
3754222,False,0,False
3754011,False,0,False
3754040,False,0,False
3754197,False,0,False
3753978,False,0,False
3754008,False,0,False
3754174,False,0,False
3754212,False,0,False
3754323,False,0,False
3754339,False,0,False
3754001,False,0,False
3754266,False,0,False
3754105,False,0,False
3754099,False,0,False
3754076,False,0,False
3754079,False,0,False
3754278,False,0,False
3754330,False,0,False
3754335,False,0,False
3753995,False,0,False
3754060,False,0,False
3754074,False,0,False
3754171,False,0,False
3754198,False,0,False
3754067,False,0,False
3754115,False,0,False
3754193,False,0,False
3754245,False,0,False
3754256,False,0,False
3754302,False,0,False
3753999,False,0,False
3754102,False,0,False
3754269,False,0,False
3754017,False,0,False
3754091,False,0,False
3754133,False,0,False
3754263,False,0,False
3754288,False,0,False
3754126,False,0,False
3754119,False,0,False
3754015,False,0,False
3754234,False,0,False
3754230,False,0,False
3754098,False,0,False
3753983,False,0,False
3754006,False,0,False
3754090,False,0,False
3754167,False,0,False
3754223,False,0,False
3754273,False,0,False
3754082,False,0,False
3754191,False,0,False
3754029,False,0,False
3754238,False,0,False
3754000,False,0,False
3754156,False,0,False
3754194,False,0,False
3754297,False,0,False
3754311,False,0,False
3754293,False,0,False
3754258,False,0,False
3754265,False,0,False
3754351,False,0,False
3754185,False,0,False
3753972,False,0,False
3753996,False,0,False
3754211,False,0,False
3754247,False,0,False
3754283,False,0,False
3754301,False,0,False
3754208,False,0,False
3754109,False,0,False
3753979,False,0,False
3754028,False,0,False
3754150,False,0,False
3754157,False,0,False
3754178,False,0,False
3754304,False,0,False
3754186,False,0,False
3754093,False,0,False
3754235,False,0,False
3754047,False,0,False
3754038,False,0,False
3754135,False,0,False
3754160,False,0,False
3754085,False,0,False
3754113,False,0,False
3754215,False,0,False
3754286,False,0,False
3754347,False,0,False
3754073,False,0,False
3754143,False,0,False
3754046,False,0,False
3754182,False,0,False
3754072,False,0,False
3754096,False,0,False
3754218,False,0,False
3754328,False,0,False
3754162,False,0,False
3754117,False,0,False
3754255,False,0,False
3754276,False,0,False
3754013,False,0,False
3754025,False,0,False
3754044,False,0,False
3754153,False,0,False
3754166,False,0,False
3754188,False,0,False
3754219,False,0,False
3754136,False,0,False
3754051,False,0,False
3754259,False,0,False
3754296,False,0,False
3754014,False,0,False
3754054,False,0,False
3754057,False,0,False
3754248,False,0,False
3754279,False,0,False
3754285,False,0,False
3754287,False,0,False
3754343,False,0,False
3753974,False,0,False
3754309,False,0,False
3754056,False,0,False
3754130,False,0,False
3754195,False,0,False
3754291,False,0,False
3754326,False,0,False
3754173,False,0,False
3753998,False,0,False
3754019,False,0,False
3754045,False,0,False
3754226,False,0,False
3754251,False,0,False
3754069,False,0,False
3754036,False,0,False
3754058,False,0,False
3754101,False,0,False
3754122,False,0,False
3754319,False,0,False
3754346,False,0,False
3754114,False,0,False
3754140,False,0,False
3753981,False,0,False
3754021,False,0,False
3754088,False,0,False
3754032,False,0,False
3754062,False,0,False
3754071,False,0,False
3754142,False,0,False
3754183,False,0,False
3754065,False,0,False
3754305,False,0,False
3754027,False,0,False
3754004,False,0,False
3754125,False,0,False
3754168,False,0,False
3754260,False,0,False
3754338,False,0,False
3754250,False,0,False
3754345,False,0,False
3754202,False,0,False
3754161,False,0,False
3754348,False,0,False
3753975,False,0,False
3754084,False,0,False
3754179,False,0,False
3754200,False,0,False
3754271,False,0,False
3754341,False,0,False
3754110,False,0,False
3754163,False,0,False
3754111,False,0,False
3753997,False,0,False
3754095,False,0,False
3754201,False,0,False
3754275,False,0,False
3754317,False,0,False
3754089,False,0,False
3754094,False,0,False
3754340,False,0,False
3754103,False,0,False
3754252,False,0,False
3754290,False,0,False
3754080,False,0,False
3754127,False,0,False
3754292,False,0,False
3754303,False,0,False
3754306,False,0,False
3754316,False,0,False
3754120,False,0,False
3754253,False,0,False
3754281,False,0,False
3754031,False,0,False
3754039,False,0,False
3754139,False,0,False
3754244,False,0,False
3754274,False,0,False
3754350,False,0,False
3754264,False,0,False
3754261,False,0,False
3754214,False,0,False
3754147,False,0,False
3754331,False,0,False
3754012,False,0,False
3754049,False,0,False
3754121,False,0,False
3754321,False,0,False
3754236,False,0,False
3754239,False,0,False
3754324,False,0,False
3754050,False,0,False
3754231,False,0,False
3754280,False,0,False
3754327,False,0,False
3754334,False,0,False
3753976,False,0,False
3754005,False,0,False
3754349,False,0,False
3753991,False,0,False
3754232,False,0,False
3754318,False,0,False
3754061,False,0,False
3754151,False,0,False
3754164,False,0,False
3754177,False,0,False
3754249,False,0,False
3754277,False,0,False
3754289,False,0,False
3754220,False,0,False
3754081,False,0,False
3754313,False,0,False
3753988,False,0,False
3754196,False,0,False
3754053,False,0,False
3754002,False,0,False
3753980,False,0,False
3753973,False,0,False
3753977,False,0,False
3754052,False,0,False
3754181,False,0,False
3754224,False,0,False
3754064,False,0,False
3754100,False,0,False
3754043,False,0,False
3754124,False,0,False
3754075,False,0,False
3754118,False,0,False
3754144,False,0,False
3754175,False,0,False
3754176,False,0,False
3754243,False,0,False
3754272,False,0,False
3754087,False,0,False
3753982,False,0,False
3754299,False,0,False
3754241,False,0,False
3754016,False,0,False
3754022,False,0,False
3754030,False,0,False
3754116,False,0,False
3754262,False,0,False
3754035,False,0,False
3754152,False,0,False
3753986,False,0,False
3754209,False,0,False
3754048,False,0,False
3754172,False,0,False
3754024,False,0,False
3754137,False,0,False
3754155,False,0,False
3754295,False,0,False
3754322,False,0,False
3754216,False,0,False
3754227,False,0,False
3754009,False,0,False
3754187,False,0,False
3754206,False,0,False
3754086,False,0,False
3754294,False,0,False
3754310,False,0,False
3754284,False,0,False
3754307,False,0,False
3754154,False,0,False
3754242,False,0,False
3754282,False,0,False
3753990,False,0,False
3754228,False,0,False
3754332,False,0,False
3754037,False,0,False
3754063,False,0,False
3754132,False,0,False
3754170,False,0,False
3754192,False,0,False
3754184,False,0,False
3754018,False,0,False
3754165,False,0,False
3754320,False,0,False
3754092,False,0,False
3754210,False,0,False
3754026,False,0,False
3754070,False,0,False
3754108,False,0,False
3754158,False,0,False
3754225,False,0,False
3754033,False,0,False
3753992,False,0,False
3754314,False,0,False
3754342,False,0,False
3754134,False,0,False
3753989,False,0,False
3754207,False,0,False
3754055,False,0,False
3753994,False,0,False
3754041,False,0,False
3754042,False,0,False
3754123,False,0,False
3754149,False,0,False
3754199,False,0,False
3754229,False,0,False
3754308,False,0,False
3754333,False,0,False
3754159,False,0,False
