match_id,split,kickoff,home_team_id,away_team_id,outcome,goal_margin_raw
3754197,train,2015-09-26 13:45:00,38,36,H,3
3753978,train,2015-09-26 16:00:00,25,26,H,2
3754008,train,2015-09-26 16:00:00,39,41,H,3
3754174,train,2015-09-26 16:00:00,22,1,A,-3
3754212,train,2015-09-26 16:00:00,24,59,H,1
3754323,train,2015-09-26 16:00:00,40,56,D,0
3754339,train,2015-09-26 16:00:00,30,28,H,1
3754001,train,2015-09-26 18:30:00,37,33,D,0
3754266,train,2015-09-27 17:00:00,23,31,A,-1
3754105,train,2015-09-28 21:00:00,27,29,A,-1
3754099,train,2015-10-03 13:45:00,31,27,H,2
3754076,train,2015-10-03 16:00:00,41,40,D,0
3754079,train,2015-10-03 16:00:00,36,37,H,5
3754278,train,2015-10-03 16:00:00,28,23,D,0
3754330,train,2015-10-03 16:00:00,59,30,A,-1
3754335,train,2015-10-03 16:00:00,56,22,A,-1
3753995,train,2015-10-03 18:30:00,33,25,A,-2
3754060,train,2015-10-04 14:30:00,29,24,D,0
3754074,train,2015-10-04 17:00:00,26,38,D,0
3754171,train,2015-10-04 17:00:00,1,39,H,3
3754198,train,2015-10-17 13:45:00,38,24,D,0
3754067,train,2015-10-17 16:00:00,31,40,A,-2
3754115,train,2015-10-17 16:00:00,33,59,H,2
3754193,train,2015-10-17 16:00:00,36,28,H,4
3754245,train,2015-10-17 16:00:00,27,41,H,1
3754256,train,2015-10-17 16:00:00,29,39,A,-3
3754302,train,2015-10-17 16:00:00,25,22,D,0
3753999,train,2015-10-17 18:30:00,23,1,A,-3
3754102,train,2015-10-18 17:00:00,37,56,H,4
3754269,train,2015-10-19 21:00:00,26,30,A,-1
3754017,train,2015-10-24 16:00:00,59,26,A,-1
3754091,train,2015-10-24 16:00:00,30,23,A,-2
3754133,train,2015-10-24 16:00:00,56,27,A,-1
3754263,train,2015-10-24 16:00:00,22,31,H,1
3754288,train,2015-10-24 16:00:00,40,33,H,1
3754126,train,2015-10-24 18:30:00,1,29,H,1
3754119,train,2015-10-25 13:00:00,41,37,H,3
3754015,train,2015-10-25 15:05:00,39,36,D,0
3754234,train,2015-10-25 15:05:00,28,38,A,-4
3754230,train,2015-10-25 17:15:00,24,25,D,0
3754098,train,2015-10-31 13:45:00,33,24,A,-2
3753983,train,2015-10-31 14:00:00,26,1,A,-3
3754006,train,2015-10-31 16:00:00,27,22,A,-1
3754090,train,2015-10-31 16:00:00,37,30,D,0
3754167,train,2015-10-31 16:00:00,36,56,H,1
3754223,train,2015-10-31 16:00:00,31,39,D,0
3754273,train,2015-10-31 16:00:00,23,40,H,2
3754082,train,2015-11-01 14:30:00,29,41,H,4
3754191,train,2015-11-01 17:00:00,25,28,H,2
3754029,train,2015-11-02 21:00:00,38,59,H,2
3754238,train,2015-11-07 13:45:00,28,37,A,-1
3754000,train,2015-11-07 16:00:00,41,25,A,-1
3754156,train,2015-11-07 16:00:00,22,23,H,1
3754194,train,2015-11-07 16:00:00,40,29,D,0
3754297,train,2015-11-07 16:00:00,39,27,H,2
3754311,train,2015-11-07 16:00:00,56,26,H,1
3754293,train,2015-11-07 18:30:00,30,33,H,1
3754258,train,2015-11-08 14:30:00,59,36,D,0
3754265,train,2015-11-08 17:00:00,1,38,D,0
3754351,train,2015-11-08 17:00:00,24,31,A,-1
3754185,train,2015-11-21 13:45:00,23,39,A,-1
3753972,train,2015-11-21 16:00:00,26,28,D,0
3753996,train,2015-11-21 16:00:00,33,56,H,1
3754211,train,2015-11-21 16:00:00,37,22,A,-3
3754247,train,2015-11-21 16:00:00,25,30,A,-1
3754283,train,2015-11-21 16:00:00,29,59,H,4
3754301,train,2015-11-21 16:00:00,27,1,H,1
3754208,train,2015-11-21 18:30:00,36,24,A,-3
3754109,train,2015-11-22 17:00:00,38,40,H,3
3753979,train,2015-11-23 21:00:00,31,41,A,-1
3754028,train,2015-11-28 16:00:00,36,25,H,2
3754150,train,2015-11-28 16:00:00,41,30,H,2
3754157,train,2015-11-28 16:00:00,28,29,D,0
3754178,train,2015-11-28 16:00:00,59,23,A,-1
3754304,train,2015-11-28 16:00:00,31,37,H,4
3754186,train,2015-11-28 18:30:00,22,39,D,0
3754093,train,2015-11-29 13:00:00,38,33,D,0
3754235,train,2015-11-29 15:05:00,40,27,D,0
3754047,train,2015-11-29 15:15:00,24,26,H,1
3754038,train,2015-11-29 17:15:00,56,1,D,0
3754135,train,2015-12-05 13:45:00,30,36,H,2
3754160,train,2015-12-05 14:00:00,1,41,H,2
3754085,train,2015-12-05 16:00:00,26,22,A,-3
3754113,train,2015-12-05 16:00:00,25,59,D,0
3754215,train,2015-12-05 16:00:00,27,38,D,0
3754286,train,2015-12-05 16:00:00,23,56,H,2
3754347,train,2015-12-05 16:00:00,39,40,D,0
3754073,train,2015-12-05 18:30:00,33,28,A,-1
3754143,train,2015-12-06 17:00:00,37,24,H,2
3754046,train,2015-12-07 21:00:00,29,31,D,0
3754182,train,2015-12-12 13:45:00,56,29,D,0
3754072,train,2015-12-12 16:00:00,41,23,A,-1
3754096,train,2015-12-12 16:00:00,40,30,D,0
3754218,train,2015-12-12 16:00:00,31,25,H,1
3754328,train,2015-12-12 16:00:00,36,26,H,1
3754162,train,2015-12-12 18:30:00,28,39,H,1
3754117,train,2015-12-13 12:30:00,59,1,A,-2
3754255,train,2015-12-13 17:00:00,24,27,D,0
3754276,train,2015-12-13 17:00:00,38,37,A,-1
3754013,train,2015-12-14 21:00:00,22,33,H,1
3754025,train,2015-12-19 16:00:00,33,41,H,2
3754044,train,2015-12-19 16:00:00,39,56,A,-1
3754153,train,2015-12-19 16:00:00,30,31,A,-1
3754166,train,2015-12-19 16:00:00,29,22,A,-1
3754188,train,2015-12-19 16:00:00,25,38,A,-2
3754219,train,2015-12-19 16:00:00,27,28,A,-1
3754136,train,2015-12-19 18:30:00,37,59,D,0
3754051,train,2015-12-20 14:30:00,23,24,H,3
3754259,train,2015-12-20 17:00:00,26,40,D,0
3754296,train,2015-12-21 19:00:00,1,36,H,1
3754014,train,2015-12-26 13:45:00,30,39,H,2
3754054,train,2015-12-26 16:00:00,36,41,H,3
3754057,train,2015-12-26 16:00:00,38,56,H,3
3754248,train,2015-12-26 16:00:00,28,31,D,0
3754279,train,2015-12-26 16:00:00,26,27,H,1
3754285,train,2015-12-26 16:00:00,59,40,D,0
3754287,train,2015-12-26 16:00:00,33,23,D,0
3754343,train,2015-12-26 16:00:00,24,22,H,1
3753974,train,2015-12-26 18:30:00,37,29,A,-1
3754309,train,2015-12-26 18:45:00,25,1,H,4
3754056,train,2015-12-28 16:00:00,29,30,A,-1
3754130,train,2015-12-28 16:00:00,56,59,H,2
3754195,train,2015-12-28 16:00:00,27,37,H,1
3754291,train,2015-12-28 16:00:00,23,38,A,-1
3754326,train,2015-12-28 16:00:00,31,26,D,0
3754173,train,2015-12-28 16:30:00,1,28,H,2
3753998,train,2015-12-28 18:30:00,40,25,H,1
3754019,train,2015-12-28 18:30:00,39,33,D,0
3754045,train,2015-12-29 20:45:00,22,36,D,0
3754226,train,2015-12-30 20:45:00,41,24,A,-1
3754251,train,2016-01-02 13:45:00,40,24,H,2
3754069,train,2016-01-02 14:00:00,1,37,H,1
3754036,train,2016-01-02 16:00:00,41,59,H,2
3754058,train,2016-01-02 16:00:00,22,28,D,0
3754101,train,2016-01-02 16:00:00,56,25,H,1
3754122,train,2016-01-02 16:00:00,27,30,H,1
3754319,train,2016-01-02 16:00:00,39,26,H,1
3754346,train,2016-01-02 18:30:00,23,36,A,-1
3754114,train,2016-01-03 14:30:00,31,33,A,-3
3754140,train,2016-01-03 17:00:00,29,38,D,0
3753981,train,2016-01-12 20:45:00,59,31,H,1
3754021,train,2016-01-12 20:45:00,28,40,A,-2
3754088,train,2016-01-12 20:45:00,37,39,D,0
3754032,train,2016-01-13 20:45:00,30,56,H,2
3754062,train,2016-01-13 20:45:00,33,27,D,0
3754071,train,2016-01-13 20:45:00,26,41,A,-2
3754142,train,2016-01-13 20:45:00,36,29,D,0
3754183,train,2016-01-13 20:45:00,25,23,H,2
3754065,train,2016-01-13 21:00:00,38,22,A,-1
3754305,train,2016-01-13 21:00:00,24,1,D,0
3754027,train,2016-01-16 13:45:00,38,41,H,3
3754004,train,2016-01-16 16:00:00,28,56,H,3
3754125,train,2016-01-16 16:00:00,33,29,D,0
3754168,train,2016-01-16 16:00:00,25,27,H,3
3754260,train,2016-01-16 16:00:00,36,31,H,4
3754338,train,2016-01-16 16:00:00,37,40,H,1
3754250,train,2016-01-16 18:30:00,59,22,D,0
3754345,train,2016-01-17 15:05:00,24,39,A,-1
3754202,train,2016-01-17 15:15:00,30,1,D,0
3754161,train,2016-01-18 21:00:00,26,23,H,1
3754348,train,2016-01-23 13:45:00,56,24,A,-1
3753975,train,2016-01-23 16:00:00,41,28,D,0
3754084,train,2016-01-23 16:00:00,27,59,D,0
3754179,train,2016-01-23 16:00:00,31,38,A,-2
3754200,train,2016-01-23 16:00:00,39,25,A,-1
3754271,train,2016-01-23 16:00:00,23,37,H,1
3754341,train,2016-01-23 16:00:00,22,30,H,3
3754110,train,2016-01-23 18:30:00,40,36,D,0
3754163,train,2016-01-24 14:30:00,29,26,A,-1
3754111,train,2016-01-24 17:00:00,1,33,A,-1
3753997,train,2016-02-02 20:45:00,40,59,H,2
3754095,train,2016-02-02 20:45:00,41,36,A,-1
3754201,train,2016-02-02 20:45:00,1,25,D,0
3754275,train,2016-02-02 20:45:00,22,24,H,2
3754317,train,2016-02-02 20:45:00,56,38,A,-3
3754089,train,2016-02-02 21:00:00,31,28,A,-1
3754094,train,2016-02-02 21:00:00,39,30,H,3
3754340,train,2016-02-02 21:00:00,27,26,D,0
3754103,train,2016-02-03 20:45:00,23,33,D,0
3754252,train,2016-02-03 20:45:00,29,37,H,3
3754290,train,2016-02-06 13:45:00,36,22,A,-2
3754080,train,2016-02-06 16:00:00,38,23,H,1
3754127,train,2016-02-06 16:00:00,30,29,A,-3
3754292,train,2016-02-06 16:00:00,37,27,H,1
3754303,train,2016-02-06 16:00:00,26,31,D,0
3754306,train,2016-02-06 16:00:00,59,56,H,2
3754316,train,2016-02-06 16:00:00,24,41,D,0
3754120,train,2016-02-06 18:30:00,25,40,H,1
3754253,train,2016-02-07 14:30:00,28,1,A,-2
3754281,train,2016-02-07 17:00:00,33,39,D,0
3754031,train,2016-02-13 13:45:00,41,39,H,1
3754039,train,2016-02-13 16:00:00,31,23,A,-1
3754139,train,2016-02-13 16:00:00,26,25,A,-1
3754244,train,2016-02-13 16:00:00,56,40,D,0
3754274,train,2016-02-13 16:00:00,28,30,A,-2
3754350,train,2016-02-13 16:00:00,29,27,A,-1
3754264,train,2016-02-13 18:30:00,33,37,H,4
3754261,validation,2016-02-14 11:00:00,1,22,H,1
3754214,validation,2016-02-14 15:05:00,59,24,A,-6
3754147,validation,2016-02-14 17:15:00,36,38,A,-1
3754331,validation,2016-02-27 13:45:00,40,41,H,1
3754012,validation,2016-02-27 16:00:00,25,33,A,-1
3754049,validation,2016-02-27 16:00:00,22,56,H,1
3754121,validation,2016-02-27 16:00:00,23,28,D,0
3754321,validation,2016-02-27 16:00:00,30,59,H,1
3754236,validation,2016-02-27 18:30:00,27,31,H,1
3754239,validation,2016-02-28 15:05:00,39,1,H,1
3754324,validation,2016-02-28 15:05:00,38,26,H,1
3754050,validation,2016-03-01 20:45:00,41,31,D,0
3754231,validation,2016-03-01 20:45:00,22,27,D,0
3754280,validation,2016-03-01 20:45:00,56,33,A,-1
3754327,validation,2016-03-01 20:45:00,59,29,A,-2
3754334,validation,2016-03-01 20:45:00,28,25,H,2
3753976,validation,2016-03-02 20:45:00,1,26,A,-1
3754005,validation,2016-03-02 20:45:00,30,37,H,1
3754349,validation,2016-03-02 20:45:00,40,38,H,1
3753991,validation,2016-03-02 21:00:00,24,36,H,3
3754232,validation,2016-03-02 21:00:00,39,23,H,1
3754318,validation,2016-03-05 13:45:00,38,1,D,0
3754061,validation,2016-03-05 16:00:00,33,30,D,0
3754151,validation,2016-03-05 16:00:00,26,56,H,1
3754164,validation,2016-03-05 16:00:00,25,41,D,0
3754177,validation,2016-03-05 16:00:00,37,28,A,-2
3754249,validation,2016-03-05 16:00:00,36,59,H,4
3754277,validation,2016-03-05 16:00:00,29,40,A,-1
3754289,validation,2016-03-05 18:30:00,23,22,A,-1
3754220,validation,2016-03-06 14:30:00,31,24,A,-1
3754081,validation,2016-03-06 17:00:00,27,39,H,1
3754313,validation,2016-03-12 13:45:00,56,36,D,0
3753988,validation,2016-03-12 16:00:00,28,26,H,1
3754196,validation,2016-03-12 16:00:00,30,25,A,-1
3754053,validation,2016-03-13 17:00:00,59,38,A,-2
3754002,validation,2016-03-14 21:00:00,22,37,H,1
3753980,validation,2016-03-19 11:45:00,29,1,A,-2
3753973,validation,2016-03-19 16:00:00,33,40,D,0
3753977,validation,2016-03-19 16:00:00,23,30,A,-1
3754052,validation,2016-03-19 16:00:00,27,56,A,-1
3754181,validation,2016-03-19 16:00:00,31,22,A,-1
3754224,validation,2016-03-19 18:30:00,26,59,H,1
3754064,validation,2016-03-20 14:30:00,25,24,H,1
3754100,validation,2016-03-20 14:30:00,37,41,D,0
3754043,validation,2016-03-20 17:00:00,38,28,H,3
3754124,validation,2016-03-20 17:00:00,36,39,A,-1
3754075,validation,2016-04-02 13:45:00,59,33,A,-4
3754118,validation,2016-04-02 16:00:00,1,23,H,4
3754144,validation,2016-04-02 16:00:00,28,36,A,-4
3754175,validation,2016-04-02 16:00:00,41,27,D,0
3754176,validation,2016-04-02 16:00:00,40,31,D,0
3754243,validation,2016-04-02 16:00:00,56,37,H,1
3754272,validation,2016-04-02 16:00:00,30,26,D,0
3754087,validation,2016-04-02 18:30:00,24,38,D,0
3753982,validation,2016-04-03 14:30:00,22,25,H,1
3754299,validation,2016-04-03 17:00:00,39,29,H,1
3754241,validation,2016-04-09 13:45:00,40,1,D,0
3754016,validation,2016-04-09 16:00:00,25,37,H,2
3754022,validation,2016-04-09 16:00:00,31,56,H,1
3754030,validation,2016-04-09 16:00:00,23,29,D,0
3754116,validation,2016-04-09 16:00:00,26,33,H,1
3754262,validation,2016-04-09 16:00:00,59,28,A,-1
3754035,validation,2016-04-09 18:30:00,36,27,H,1
3754152,validation,2016-04-10 14:30:00,41,22,A,-2
3753986,validation,2016-04-10 17:00:00,24,30,H,3
3754209,validation,2016-04-10 17:30:00,38,39,H,3
3754048,validation,2016-04-13 21:00:00,31,29,D,0
3754172,validation,2016-04-16 13:45:00,56,41,A,-3
3754024,validation,2016-04-16 16:00:00,37,26,H,3
3754137,validation,2016-04-16 16:00:00,29,25,D,0
3754155,validation,2016-04-16 16:00:00,27,23,A,-1
3754295,validation,2016-04-16 16:00:00,39,59,H,1
3754322,validation,2016-04-16 18:30:00,33,36,A,-3
3754216,validation,2016-04-17 14:30:00,28,24,A,-1
3754227,validation,2016-04-17 14:30:00,22,40,D,0
3754009,validation,2016-04-17 17:00:00,1,31,D,0
3754187,validation,2016-04-18 21:00:00,30,38,A,-4
3754206,test,2016-04-19 20:45:00,37,36,D,0
3754086,test,2016-04-20 20:45:00,40,23,H,2
3754294,test,2016-04-20 21:00:00,24,29,H,4
3754310,test,2016-04-20 21:00:00,39,31,H,2
3754284,test,2016-04-21 20:45:00,1,27,H,2
3754307,test,2016-04-23 13:45:00,36,30,H,4
3754154,test,2016-04-23 16:00:00,24,37,D,0
3754242,test,2016-04-23 16:00:00,28,33,A,-3
3754282,test,2016-04-23 16:00:00,59,25,A,-2
3753990,test,2016-04-24 15:05:00,41,1,D,0
3754228,test,2016-04-24 17:15:00,22,26,H,4
3754332,test,2016-04-25 21:00:00,38,27,D,0
3754037,test,2016-04-30 16:00:00,29,28,H,1
3754063,test,2016-04-30 16:00:00,23,59,H,1
3754132,test,2016-04-30 16:00:00,30,41,D,0
3754170,test,2016-04-30 16:00:00,37,31,H,1
3754192,test,2016-04-30 16:00:00,27,40,A,-3
3754184,test,2016-04-30 18:30:00,1,56,H,1
3754018,test,2016-05-01 13:00:00,26,24,H,2
3754165,test,2016-05-01 15:05:00,39,22,D,0
3754320,test,2016-05-01 17:30:00,25,36,H,2
3754092,test,2016-05-02 21:00:00,33,38,D,0
3754210,test,2016-05-07 13:45:00,56,39,A,-1
3754026,test,2016-05-07 16:00:00,31,30,H,1
3754070,test,2016-05-07 16:00:00,59,37,D,0
3754108,test,2016-05-07 16:00:00,41,33,H,1
3754158,test,2016-05-07 16:00:00,40,26,A,-3
3754225,test,2016-05-07 16:00:00,28,27,D,0
3754033,test,2016-05-07 18:30:00,22,29,H,2
3753992,test,2016-05-08 14:30:00,38,25,A,-1
3754314,test,2016-05-08 17:00:00,36,1,D,0
3754342,test,2016-05-08 17:00:00,24,23,H,2
3754134,test,2016-05-10 21:30:00,40,39,H,1
3753989,test,2016-05-11 20:45:00,41,29,H,3
3754207,test,2016-05-11 20:45:00,56,23,H,2
3754055,test,2016-05-11 21:00:00,24,33,D,0
3753994,test,2016-05-15 16:00:00,25,31,H,3
3754041,test,2016-05-15 16:00:00,1,59,H,4
3754042,test,2016-05-15 16:00:00,27,24,D,0
3754123,test,2016-05-15 16:00:00,29,56,H,3
3754149,test,2016-05-15 16:00:00,26,36,D,0
3754199,test,2016-05-15 16:00:00,30,40,H,1
3754229,test,2016-05-15 16:00:00,33,22,D,0
3754308,test,2016-05-15 16:00:00,23,41,D,0
3754333,test,2016-05-15 16:00:00,37,38,H,4
3754159,test,2016-05-17 21:00:00,39,28,H,2
